GCA_000009005.1_ASM900v1_genomic.fna	RF122
GCF_000009005.1_ASM900v1_genomic.fna	RF122
GCA_000009585.1_ASM958v1_genomic.fna	type strain:ST398
GCF_000009585.1_ASM958v1_genomic.fna	type strain:ST398
GCA_000009645.1_ASM964v1_genomic.fna	N315
GCF_000009645.1_ASM964v1_genomic.fna	N315
GCA_000009665.1_ASM966v1_genomic.fna	Mu50
GCF_000009665.1_ASM966v1_genomic.fna	Mu50
GCA_000010445.1_ASM1044v1_genomic.fna	Mu3
GCF_000010445.1_ASM1044v1_genomic.fna	Mu3
GCA_000010465.1_ASM1046v1_genomic.fna	Newman
GCF_000010465.1_ASM1046v1_genomic.fna	Newman
GCA_000011265.1_ASM1126v1_genomic.fna	MW2
GCF_000011265.1_ASM1126v1_genomic.fna	MW2
GCA_000011505.1_ASM1150v1_genomic.fna	MRSA252
GCF_000011505.1_ASM1150v1_genomic.fna	MRSA252
GCA_000011525.1_ASM1152v1_genomic.fna	MSSA476
GCF_000011525.1_ASM1152v1_genomic.fna	MSSA476
GCA_000012045.1_ASM1204v1_genomic.fna	COL
GCF_000012045.1_ASM1204v1_genomic.fna	COL
GCA_000013425.1_ASM1342v1_genomic.fna	NCTC 8325
GCF_000013425.1_ASM1342v1_genomic.fna	NCTC 8325
GCA_000013465.1_ASM1346v1_genomic.fna	USA300_FPR3757
GCF_000013465.1_ASM1346v1_genomic.fna	USA300_FPR3757
GCA_000016805.1_ASM1680v1_genomic.fna	JH9
GCF_000016805.1_ASM1680v1_genomic.fna	JH9
GCA_000017085.1_ASM1708v1_genomic.fna	TCH1516
GCF_000017085.1_ASM1708v1_genomic.fna	TCH1516
GCA_000024585.1_ASM2458v1_genomic.fna	ED98
GCF_000024585.1_ASM2458v1_genomic.fna	ED98
GCA_000025145.2_ASM2514v1_genomic.fna	04-02981
GCF_000025145.1_ASM2514v1_genomic.fna	04-02981
GCA_000027045.1_ASM2704v1_genomic.fna	TW20
GCF_000027045.1_ASM2704v1_genomic.fna	TW20
GCA_000144955.1_ASM14495v1_genomic.fna	JKD6159
GCF_000144955.1_ASM14495v1_genomic.fna	JKD6159
GCA_000145595.1_ASM14559v1_genomic.fna	JKD6008
GCF_000145595.1_ASM14559v1_genomic.fna	JKD6008
GCA_000159535.2_ASM15953v2_genomic.fna	TCH60
GCF_000159535.2_ASM15953v2_genomic.fna	TCH60
GCA_000160335.2_ASM16033v2_genomic.fna	55/2053
GCF_000160335.2_ASM16033v2_genomic.fna	55/2053
GCA_000189455.3_ASM18945v3_genomic.fna	O46
GCF_000189455.2_ASM18945v3_genomic.fna	O46
GCA_000204665.1_ASM20466v1_genomic.fna	T0131
GCF_000204665.1_ASM20466v1_genomic.fna	T0131
GCA_000210315.1_ASM21031v1_genomic.fna	ED133
GCF_000210315.1_ASM21031v1_genomic.fna	ED133
GCA_000237125.3_ASM23712v3_genomic.fna	M013
GCF_000237125.1_ASM23712v1_genomic.fna	M013
GCF_000237125.2_ASM23712v3_genomic.fna	M013
GCA_000237265.1_ASM23726v1_genomic.fna	LGA251
GCF_000237265.1_ASM23726v1_genomic.fna	LGA251
GCA_000239235.1_ASM23923v1_genomic.fna	11819-97
GCF_000239235.1_ASM23923v1_genomic.fna	11819-97
GCA_000245495.1_ASM24549v1_genomic.fna	VC40
GCF_000245495.1_ASM24549v1_genomic.fna	VC40
GCA_000284535.1_ASM28453v1_genomic.fna	HO 5096 0412
GCF_000284535.1_ASM28453v1_genomic.fna	HO 5096 0412
GCA_000296595.1_ASM29659v1_genomic.fna	08BA02176
GCF_000296595.1_ASM29659v1_genomic.fna	08BA02176
GCA_000382965.1_ASM38296v1_genomic.fna	ST228
GCA_000382985.1_ASM38298v1_genomic.fna	ST228
GCA_000383005.1_ASM38300v1_genomic.fna	ST228
GCA_000967325.1_ASM96732v1_genomic.fna	ST228
GCA_000967345.1_ASM96734v1_genomic.fna	ST228
GCA_000967365.1_ASM96736v1_genomic.fna	ST228
GCA_000967385.1_ASM96738v1_genomic.fna	ST228
GCA_000967405.1_ASM96740v1_genomic.fna	ST228
GCF_000382965.1_ASM38296v1_genomic.fna	ST228
GCF_000382985.1_ASM38298v1_genomic.fna	ST228
GCF_000383005.1_ASM38300v1_genomic.fna	ST228
GCF_000967325.1_ASM96732v1_genomic.fna	ST228
GCF_000967345.1_ASM96734v1_genomic.fna	ST228
GCF_000967365.1_ASM96736v1_genomic.fna	ST228
GCF_000967385.1_ASM96738v1_genomic.fna	ST228
GCF_000967405.1_ASM96740v1_genomic.fna	ST228
GCA_000412775.1_ASM41277v1_genomic.fna	CA-347
GCF_000412775.1_ASM41277v1_genomic.fna	CA-347
GCA_000418345.1_ASM41834v1_genomic.fna	Bmb9393
GCF_000418345.1_ASM41834v1_genomic.fna	Bmb9393
GCA_000452385.2_ASM45238v2_genomic.fna	Tager 104
GCF_000452385.2_ASM45238v2_genomic.fna	Tager 104
GCA_000462955.1_ASM46295v1_genomic.fna	6850
GCF_000462955.1_ASM46295v1_genomic.fna	6850
GCA_000463055.1_ASM46305v1_genomic.fna	CN1
GCF_000463055.1_ASM46305v1_genomic.fna	CN1
GCA_000470845.1_ASM47084v1_genomic.fna	SA957
GCF_000470845.1_ASM47084v1_genomic.fna	SA957
GCA_000470865.1_ASM47086v1_genomic.fna	SA40
GCF_000470865.1_ASM47086v1_genomic.fna	SA40
GCA_000485885.1_ASM48588v1_genomic.fna	Z172
GCF_000485885.1_ASM48588v1_genomic.fna	Z172
GCA_000568455.1_ASM56845v1_genomic.fna	USA300-ISMMS1
GCF_000568455.1_ASM56845v1_genomic.fna	USA300-ISMMS1
GCA_000597965.1_ASM59796v1_genomic.fna	502A
GCF_000597965.1_ASM59796v1_genomic.fna	502A
GCA_000626615.3_ASM62661v3_genomic.fna	FDAARGOS_5
GCF_000626615.2_ASM62661v3_genomic.fna	FDAARGOS_5
GCA_000695215.1_ASM69521v1_genomic.fna	H-EMRSA-15
GCF_000695215.1_ASM69521v1_genomic.fna	H-EMRSA-15
GCA_000695875.1_ASM69587v1_genomic.fna	UA-S391_USA300
GCF_000695875.1_ASM69587v1_genomic.fna	UA-S391_USA300
GCA_000737615.1_ASM73761v1_genomic.fna	SA268
GCF_000737615.1_ASM73761v1_genomic.fna	SA268
GCA_000746505.1_ASM74650v1_genomic.fna	2395 USA500
GCF_000746505.1_ASM74650v1_genomic.fna	2395 USA500
GCA_000756205.1_ASM75620v1_genomic.fna	ATCC 25923
GCF_000756205.1_ASM75620v1_genomic.fna	ATCC 25923
GCA_000769575.1_ASM76957v1_genomic.fna	Gv69
GCF_000769575.1_ASM76957v1_genomic.fna	Gv69
GCA_000772025.1_ASM77202v1_genomic.fna	FORC_001
GCF_000772025.1_ASM77202v1_genomic.fna	FORC_001
GCA_000815045.1_ASM81504v1_genomic.fna	29b_MRSA
GCF_000815045.1_ASM81504v1_genomic.fna	29b_MRSA
GCA_000815085.1_ASM81508v1_genomic.fna	31b_MRSA
GCF_000815085.1_ASM81508v1_genomic.fna	31b_MRSA
GCA_000815125.1_ASM81512v1_genomic.fna	33b
GCF_000815125.1_ASM81512v1_genomic.fna	33b
GCA_000815165.1_ASM81516v1_genomic.fna	26b_MRSA
GCF_000815165.1_ASM81516v1_genomic.fna	26b_MRSA
GCA_000815205.1_ASM81520v1_genomic.fna	25b_MRSA
GCF_000815205.1_ASM81520v1_genomic.fna	25b_MRSA
GCA_000815245.1_ASM81524v1_genomic.fna	27b_MRSA
GCF_000815245.1_ASM81524v1_genomic.fna	27b_MRSA
GCA_000828035.1_ASM82803v1_genomic.fna	DAR4145
GCF_000828035.1_ASM82803v1_genomic.fna	DAR4145
GCA_000953255.1_Staphylococcus_aureus_Sa_ILRI_217_genomic.fna	ILRI_Eymole1/1
GCF_000953255.1_Staphylococcus_aureus_Sa_ILRI_217_genomic.fna	ILRI_Eymole1/1
GCA_000969225.1_ASM96922v1_genomic.fna	FCFHV36
GCF_000969225.1_ASM96922v1_genomic.fna	FCFHV36
GCA_001018645.2_ASM101864v2_genomic.fna	FDAARGOS_2
GCF_001018645.2_ASM101864v2_genomic.fna	FDAARGOS_2
GCA_001018655.2_ASM101865v2_genomic.fna	FDAARGOS_6
GCF_001018655.2_ASM101865v2_genomic.fna	FDAARGOS_6
GCA_001018685.2_ASM101868v2_genomic.fna	TCH 959
GCF_001018685.2_ASM101868v2_genomic.fna	TCH 959
GCA_001018725.2_ASM101872v2_genomic.fna	FDAARGOS_10
GCF_001018725.2_ASM101872v2_genomic.fna	FDAARGOS_10
GCA_001018735.2_ASM101873v2_genomic.fna	NRS137
GCF_001018735.2_ASM101873v2_genomic.fna	NRS137
GCA_001018775.2_ASM101877v2_genomic.fna	NRS149
GCF_001018775.2_ASM101877v2_genomic.fna	NRS149
GCA_001018805.2_ASM101880v2_genomic.fna	FDAARGOS_15
GCF_001018805.1_ASM101880v2_genomic.fna	FDAARGOS_15
GCA_001018835.2_ASM101883v2_genomic.fna	NRS271
GCF_001018835.2_ASM101883v2_genomic.fna	NRS271
GCA_001018845.2_ASM101884v2_genomic.fna	NRS153
GCF_001018845.2_ASM101884v2_genomic.fna	NRS153
GCA_001018915.2_ASM101891v2_genomic.fna	NRS133
GCF_001018915.2_ASM101891v2_genomic.fna	NRS133
GCA_001018975.2_ASM101897v2_genomic.fna	NRS143
GCF_001018975.2_ASM101897v2_genomic.fna	NRS143
GCA_001019125.2_ASM101912v2_genomic.fna	FDAARGOS_43
GCF_001019125.2_ASM101912v2_genomic.fna	FDAARGOS_43
GCA_001019205.2_ASM101920v2_genomic.fna	FDAARGOS_48
GCF_001019205.2_ASM101920v2_genomic.fna	FDAARGOS_48
GCA_001019255.2_ASM101925v2_genomic.fna	FDAARGOS_1
GCF_001019255.2_ASM101925v2_genomic.fna	FDAARGOS_1
GCA_001019275.2_ASM101927v2_genomic.fna	NRS107
GCF_001019275.2_ASM101927v2_genomic.fna	NRS107
GCA_001019305.2_ASM101930v2_genomic.fna	NRS70
GCF_001019305.2_ASM101930v2_genomic.fna	NRS70
GCA_001019395.2_ASM101939v2_genomic.fna	NRS484
GCF_001019395.2_ASM101939v2_genomic.fna	NRS484
GCA_001019415.2_ASM101941v2_genomic.fna	NRS146
GCF_001019415.2_ASM101941v2_genomic.fna	NRS146
GCA_001019435.2_ASM101943v2_genomic.fna	NRS1
GCF_001019435.2_ASM101943v2_genomic.fna	NRS1
GCA_001019485.2_ASM101948v2_genomic.fna	NRS120
GCF_001019485.2_ASM101948v2_genomic.fna	NRS120
GCA_001019495.2_ASM101949v2_genomic.fna	FDAARGOS_40
GCF_001019495.2_ASM101949v2_genomic.fna	FDAARGOS_40
GCA_001019535.2_ASM101953v2_genomic.fna	Mw2
GCF_001019535.2_ASM101953v2_genomic.fna	Mw2
GCA_001019575.2_ASM101957v2_genomic.fna	HPV107
GCF_001019575.2_ASM101957v2_genomic.fna	HPV107
GCA_001021875.1_ASM102187v1_genomic.fna	M121
GCF_001021875.1_ASM102187v1_genomic.fna	M121
GCA_001021895.1_ASM102189v1_genomic.fna	CA15
GCF_001021895.1_ASM102189v1_genomic.fna	CA15
GCA_001027045.1_ASM102704v1_genomic.fna	RKI4
GCF_001027045.1_ASM102704v1_genomic.fna	RKI4
GCA_001027105.1_ASM102710v1_genomic.fna	DSM 20231
GCF_001027105.1_ASM102710v1_genomic.fna	DSM 20231
GCA_001045795.2_ASM104579v2_genomic.fna	CA12
GCF_001045795.2_ASM104579v2_genomic.fna	CA12
GCA_001045995.2_ASM104599v2_genomic.fna	HUV05
GCF_001045995.2_ASM104599v2_genomic.fna	HUV05
GCA_001046095.2_ASM104609v2_genomic.fna	V2200
GCF_001046095.2_ASM104609v2_genomic.fna	V2200
GCA_001183705.3_ASM118370v3_genomic.fna	USA300_2014.C01
GCF_001183705.1_ASM118370v1_genomic.fna	USA300_2014.C01
GCF_001183705.3_ASM118370v3_genomic.fna	USA300_2014.C01
GCA_001183725.2_ASM118372v2_genomic.fna	USA300_2014.C02
GCF_001183725.1_ASM118372v1_genomic.fna	USA300_2014.C02
GCF_001183725.2_ASM118372v2_genomic.fna	USA300_2014.C02
GCA_001278745.1_ASM127874v1_genomic.fna	HOU1444-VR
GCF_001278745.1_ASM127874v1_genomic.fna	HOU1444-VR
GCA_001281145.1_ASM128114v1_genomic.fna	SA564
GCF_001281145.1_ASM128114v1_genomic.fna	SA564
GCA_001296985.1_ASM129698v1_genomic.fna	GR2
GCF_001296985.1_ASM129698v1_genomic.fna	GR2
GCA_001298325.2_ASM129832v2_genomic.fna	BA01611
GCF_001298325.2_ASM129832v2_genomic.fna	BA01611
GCA_001307235.1_ASM130723v1_genomic.fna	JS395
GCF_001307235.1_ASM130723v1_genomic.fna	JS395
GCA_001444345.1_ASM144434v1_genomic.fna	XQ
GCF_001444345.1_ASM144434v1_genomic.fna	XQ
GCA_001456215.1_ASM145621v1_genomic.fna	MS4
GCF_001456215.1_ASM145621v1_genomic.fna	MS4
GCA_001457495.1_NCTC13435_genomic.fna	NCTC13435
GCF_001457495.1_NCTC13435_genomic.fna	NCTC13435
GCA_001465635.1_ASM146563v1_genomic.fna	RIVM1295
GCF_001465635.1_ASM146563v1_genomic.fna	RIVM1295
GCA_001465675.1_ASM146567v1_genomic.fna	RIVM1607
GCF_001465675.1_ASM146567v1_genomic.fna	RIVM1607
GCA_001465755.1_ASM146575v1_genomic.fna	RIVM3897
GCF_001465755.1_ASM146575v1_genomic.fna	RIVM3897
GCA_001515665.1_ASM151566v1_genomic.fna	Gv51
GCF_001515665.1_ASM151566v1_genomic.fna	Gv51
GCA_001515685.1_ASM151568v1_genomic.fna	Be62
GCF_001515685.1_ASM151568v1_genomic.fna	Be62
GCA_001515705.1_ASM151570v1_genomic.fna	Gv88
GCF_001515705.1_ASM151570v1_genomic.fna	Gv88
GCA_001515745.1_ASM151574v1_genomic.fna	HC1340
GCF_001515745.1_ASM151574v1_genomic.fna	HC1340
GCA_001515765.1_ASM151576v1_genomic.fna	HC1335
GCF_001515765.1_ASM151576v1_genomic.fna	HC1335
GCA_001548295.1_ASM154829v1_genomic.fna	FDA209P
GCF_001548295.1_ASM154829v1_genomic.fna	FDA209P
GCA_001548415.1_ASM154841v1_genomic.fna	MI
GCF_001548415.1_ASM154841v1_genomic.fna	MI
GCA_001549655.1_ASM154965v1_genomic.fna	TMUS2126
GCF_001549655.1_ASM154965v1_genomic.fna	TMUS2126
GCA_001549675.1_ASM154967v1_genomic.fna	TMUS2134
GCF_001549675.1_ASM154967v1_genomic.fna	TMUS2134
GCA_001558795.2_ASM155879v2_genomic.fna	FDAARGOS_159
GCF_001558795.1_ASM155879v1_genomic.fna	FDAARGOS_159
GCF_001558795.2_ASM155879v2_genomic.fna	FDAARGOS_159
GCA_001580495.1_ASM158049v1_genomic.fna	FORC_012
GCF_001580495.1_ASM158049v1_genomic.fna	FORC_012
GCA_001580515.1_ASM158051v1_genomic.fna	UTSW MRSA 55
GCF_001580515.1_ASM158051v1_genomic.fna	UTSW MRSA 55
GCA_001594205.1_ASM159420v1_genomic.fna	MCRF184
GCF_001594205.1_ASM159420v1_genomic.fna	MCRF184
GCA_001611325.1_ASM161132v1_genomic.fna	ST20130940
GCF_001611325.1_ASM161132v1_genomic.fna	ST20130940
GCA_001611345.1_ASM161134v1_genomic.fna	ST20130941
GCF_001611345.1_ASM161134v1_genomic.fna	ST20130941
GCA_001611365.1_ASM161136v1_genomic.fna	ST20130942
GCF_001611365.1_ASM161136v1_genomic.fna	ST20130942
GCA_001611385.1_ASM161138v1_genomic.fna	ST20130943
GCF_001611385.1_ASM161138v1_genomic.fna	ST20130943
GCA_001611405.1_ASM161140v1_genomic.fna	ST20130938
GCF_001611405.1_ASM161140v1_genomic.fna	ST20130938
GCA_001611425.1_ASM161142v1_genomic.fna	ST20130939
GCF_001611425.1_ASM161142v1_genomic.fna	ST20130939
GCA_001618305.1_ASM161830v1_genomic.fna	RIVM6519
GCF_001618305.1_ASM161830v1_genomic.fna	RIVM6519
GCA_001640885.1_ASM164088v1_genomic.fna	ZJ5499
GCF_001640885.1_ASM164088v1_genomic.fna	ZJ5499
GCA_001640905.1_ASM164090v1_genomic.fna	NCCP14558
GCF_001640905.1_ASM164090v1_genomic.fna	NCCP14558
GCA_001640925.1_ASM164092v1_genomic.fna	NCCP14562
GCF_001640925.1_ASM164092v1_genomic.fna	NCCP14562
GCA_001641025.1_ASM164102v1_genomic.fna	V521
GCF_001641025.1_ASM164102v1_genomic.fna	V521
GCA_001656045.1_ASM165604v1_genomic.fna	08-02119
GCF_001656045.1_ASM165604v1_genomic.fna	08-02119
GCA_001656075.1_ASM165607v1_genomic.fna	08-02300
GCF_001656075.1_ASM165607v1_genomic.fna	08-02300
GCA_001717645.3_ASM171764v3_genomic.fna	5118.N
GCF_001717645.1_ASM171764v3_genomic.fna	5118.N
GCA_001717665.2_ASM171766v2_genomic.fna	2148.N
GCF_001717665.1_ASM171766v2_genomic.fna	2148.N
GCA_001717685.3_ASM171768v3_genomic.fna	1971.C01
GCF_001717685.1_ASM171768v3_genomic.fna	1971.C01
GCA_001717705.2_ASM171770v2_genomic.fna	1969.N
GCF_001717705.1_ASM171770v2_genomic.fna	1969.N
GCA_001717725.2_ASM171772v2_genomic.fna	1625.C01
GCF_001717725.1_ASM171772v2_genomic.fna	1625.C01
GCA_001717975.3_ASM171797v3_genomic.fna	2148.C01
GCF_001717975.1_ASM171797v2_genomic.fna	2148.C01
GCF_001717975.2_ASM171797v3_genomic.fna	2148.C01
GCA_001725965.1_ASM172596v1_genomic.fna	FORC_027
GCF_001725965.1_ASM172596v1_genomic.fna	FORC_027
GCA_001735655.2_ASM173565v2_genomic.fna	3020.C01
GCF_001735655.2_ASM173565v2_genomic.fna	3020.C01
GCA_001879545.1_ASM187954v1_genomic.fna	FORC_026
GCF_001879545.1_ASM187954v1_genomic.fna	FORC_026
GCA_001880265.1_ASM188026v1_genomic.fna	SA40TW
GCF_001880265.1_ASM188026v1_genomic.fna	SA40TW
GCA_001887075.1_ASM188707v1_genomic.fna	LA-MRSA ST398
GCF_001887075.1_ASM188707v1_genomic.fna	LA-MRSA ST398
GCA_001900185.1_ASM190018v1_genomic.fna	HG001
GCF_001900185.1_ASM190018v1_genomic.fna	HG001
GCA_001956755.1_ASM195675v1_genomic.fna	SJTUF_J27
GCF_001956755.1_ASM195675v1_genomic.fna	SJTUF_J27
GCA_001956815.1_ASM195681v1_genomic.fna	USA300_SUR1
GCF_001956815.1_ASM195681v1_genomic.fna	USA300_SUR1
GCA_001975005.1_ASM197500v1_genomic.fna	UCI62
GCF_001975005.1_ASM197500v1_genomic.fna	UCI62
GCA_001975045.1_ASM197504v1_genomic.fna	UCI 28
GCF_001975045.1_ASM197504v1_genomic.fna	UCI 28
GCA_001986135.1_ASM198613v1_genomic.fna	SR434
GCF_001986135.1_ASM198613v1_genomic.fna	SR434
GCA_002000565.1_ASM200056v1_genomic.fna	USA300-SUR9
GCF_002000565.1_ASM200056v1_genomic.fna	USA300-SUR9
GCA_002000585.1_ASM200058v1_genomic.fna	USA300-SUR10
GCF_002000585.1_ASM200058v1_genomic.fna	USA300-SUR10
GCA_002000605.1_ASM200060v1_genomic.fna	USA300-SUR11
GCF_002000605.1_ASM200060v1_genomic.fna	USA300-SUR11
GCA_002000625.1_ASM200062v1_genomic.fna	USA300-SUR12
GCF_002000625.1_ASM200062v1_genomic.fna	USA300-SUR12
GCA_002000645.1_ASM200064v1_genomic.fna	USA300-SUR13
GCF_002000645.1_ASM200064v1_genomic.fna	USA300-SUR13
GCA_002000665.1_ASM200066v1_genomic.fna	USA300-SUR14
GCF_002000665.1_ASM200066v1_genomic.fna	USA300-SUR14
GCA_002000685.1_ASM200068v1_genomic.fna	USA300-SUR15
GCF_002000685.1_ASM200068v1_genomic.fna	USA300-SUR15
GCA_002000705.1_ASM200070v1_genomic.fna	USA300-SUR16
GCF_002000705.1_ASM200070v1_genomic.fna	USA300-SUR16
GCA_002000725.1_ASM200072v1_genomic.fna	USA300-SUR17
GCF_002000725.1_ASM200072v1_genomic.fna	USA300-SUR17
GCA_002000745.1_ASM200074v1_genomic.fna	USA300-SUR18
GCF_002000745.1_ASM200074v1_genomic.fna	USA300-SUR18
GCA_002000765.1_ASM200076v1_genomic.fna	USA300-SUR19
GCF_002000765.1_ASM200076v1_genomic.fna	USA300-SUR19
GCA_002000785.1_ASM200078v1_genomic.fna	USA300-SUR20
GCF_002000785.1_ASM200078v1_genomic.fna	USA300-SUR20
GCA_002000805.1_ASM200080v1_genomic.fna	USA300-SUR21
GCF_002000805.1_ASM200080v1_genomic.fna	USA300-SUR21
GCA_002000825.1_ASM200082v1_genomic.fna	USA300-SUR22
GCF_002000825.1_ASM200082v1_genomic.fna	USA300-SUR22
GCA_002000845.1_ASM200084v1_genomic.fna	USA300-SUR23
GCF_002000845.1_ASM200084v1_genomic.fna	USA300-SUR23
GCA_002000865.1_ASM200086v1_genomic.fna	USA300-SUR24
GCF_002000865.1_ASM200086v1_genomic.fna	USA300-SUR24
GCA_002025125.1_ASM202512v1_genomic.fna	08S00974
GCF_002025125.1_ASM202512v1_genomic.fna	08S00974
GCA_002025145.1_ASM202514v1_genomic.fna	ATCC 6538
GCF_002025145.1_ASM202514v1_genomic.fna	ATCC 6538
GCA_002085525.1_ASM208552v1_genomic.fna	JE2
GCF_002085525.1_ASM208552v1_genomic.fna	JE2
GCA_002088995.1_ASM208899v1_genomic.fna	C2406
GCF_002088995.1_ASM208899v1_genomic.fna	C2406
GCA_002089035.2_ASM208903v2_genomic.fna	293G
GCF_002089035.1_ASM208903v1_genomic.fna	293G
GCF_002089035.2_ASM208903v2_genomic.fna	293G
GCA_002089055.1_ASM208905v1_genomic.fna	GD5
GCF_002089055.1_ASM208905v1_genomic.fna	GD5
GCA_002089075.2_ASM208907v2_genomic.fna	GD705
GCF_002089075.2_ASM208907v2_genomic.fna	GD705
GCA_002089095.2_ASM208909v2_genomic.fna	GD1677
GCF_002089095.1_ASM208909v1_genomic.fna	GD1677
GCF_002089095.2_ASM208909v2_genomic.fna	GD1677
GCA_002089115.2_ASM208911v2_genomic.fna	GD1539
GCF_002089115.2_ASM208911v2_genomic.fna	GD1539
GCA_002097595.2_ASM209759v2_genomic.fna	M92
GCF_002097595.1_ASM209759v1_genomic.fna	M92
GCF_002097595.2_ASM209759v2_genomic.fna	M92
GCA_002140115.1_ASM214011v1_genomic.fna	FORC_039
GCF_002140115.1_ASM214011v1_genomic.fna	FORC_039
GCA_002202075.1_ASM220207v1_genomic.fna	Seattle 1945
GCA_002202095.1_ASM220209v1_genomic.fna	Seattle 1945
GCF_002202075.1_ASM220207v1_genomic.fna	Seattle 1945
GCF_002202095.1_ASM220209v1_genomic.fna	Seattle 1945
GCA_002204555.1_ASM220455v1_genomic.fna	ISU935
GCF_002204555.1_ASM220455v1_genomic.fna	ISU935
GCA_002204575.1_ASM220457v1_genomic.fna	ISU926
GCF_002204575.1_ASM220457v1_genomic.fna	ISU926
GCA_002209325.1_ASM220932v1_genomic.fna	FORC_045
GCF_002209325.1_ASM220932v1_genomic.fna	FORC_045
GCA_002214665.1_ASM221466v1_genomic.fna	FORC_040
GCF_002214665.1_ASM221466v1_genomic.fna	FORC_040
GCA_002310395.1_ASM231039v1_genomic.fna	Newman_D2C
GCF_002310395.1_ASM231039v1_genomic.fna	Newman_D2C
GCA_002310435.1_ASM231043v1_genomic.fna	NYU_Newman
GCF_002310435.1_ASM231043v1_genomic.fna	NYU_Newman
GCA_002355355.1_ASM235535v1_genomic.fna	OC8
GCF_002355355.1_ASM235535v1_genomic.fna	OC8
GCA_002356675.1_ASM235667v1_genomic.fna	JH4899
GCF_002356675.1_ASM235667v1_genomic.fna	JH4899
GCA_002386245.1_ASM238624v1_genomic.fna	FDAARGOS_412
GCF_002386245.1_ASM238624v1_genomic.fna	FDAARGOS_412
GCA_002442975.1_ASM244297v1_genomic.fna	HZW450
GCF_002442975.1_ASM244297v1_genomic.fna	HZW450
GCA_002633765.1_ASM263376v1_genomic.fna	CFSAN007835
GCF_002633765.1_ASM263376v1_genomic.fna	CFSAN007835
GCA_002633785.1_ASM263378v1_genomic.fna	CFSAN007847
GCF_002633785.1_ASM263378v1_genomic.fna	CFSAN007847
GCA_002633805.1_ASM263380v1_genomic.fna	CFSAN007850
GCF_002633805.1_ASM263380v1_genomic.fna	CFSAN007850
GCA_002633825.1_ASM263382v1_genomic.fna	CFSAN007851
GCF_002633825.1_ASM263382v1_genomic.fna	CFSAN007851
GCA_002633845.1_ASM263384v1_genomic.fna	CFSAN007883
GCF_002633845.1_ASM263384v1_genomic.fna	CFSAN007883
GCA_002633865.1_ASM263386v1_genomic.fna	CFSAN007894
GCA_009650155.1_ASM965015v1_genomic.fna	CFSAN007894
GCF_002633865.1_ASM263386v1_genomic.fna	CFSAN007894
GCF_009650155.1_ASM965015v1_genomic.fna	CFSAN007894
GCA_002786465.1_ASM278646v1_genomic.fna	EDCC5458
GCF_002786465.1_ASM278646v1_genomic.fna	EDCC5458
GCA_002786535.1_ASM278653v1_genomic.fna	EDCC5464
GCF_002786535.1_ASM278653v1_genomic.fna	EDCC5464
GCA_002795285.1_ASM279528v1_genomic.fna	USA400-0051
GCF_002795285.1_ASM279528v1_genomic.fna	USA400-0051
GCA_002803885.1_ASM280388v1_genomic.fna	55-99-44
GCF_002803885.1_ASM280388v1_genomic.fna	55-99-44
GCA_002850395.1_ASM285039v1_genomic.fna	K17
GCF_002850395.1_ASM285039v1_genomic.fna	K17
GCA_002850415.1_ASM285041v1_genomic.fna	K18
GCF_002850415.1_ASM285041v1_genomic.fna	K18
GCA_002895385.1_ASM289538v1_genomic.fna	MRSA107
GCF_002895385.1_ASM289538v1_genomic.fna	MRSA107
GCA_002952015.1_ASM295201v1_genomic.fna	K5
GCF_002952015.1_ASM295201v1_genomic.fna	K5
GCA_003010875.1_ASM301087v1_genomic.fna	FORC59
GCF_003010875.1_ASM301087v1_genomic.fna	FORC59
GCA_003029645.1_ASM302964v1_genomic.fna	CFSAN064038
GCF_003029645.1_ASM302964v1_genomic.fna	CFSAN064038
GCA_003030065.1_ASM303006v1_genomic.fna	CFSAN018749
GCF_003030065.1_ASM303006v1_genomic.fna	CFSAN018749
GCA_003030085.1_ASM303008v1_genomic.fna	CFSAN064037
GCF_003030085.1_ASM303008v1_genomic.fna	CFSAN064037
GCA_003030225.1_ASM303022v1_genomic.fna	CFSAN018750
GCF_003030225.1_ASM303022v1_genomic.fna	CFSAN018750
GCA_003031285.1_ASM303128v1_genomic.fna	TF3198
GCF_003031285.1_ASM303128v1_genomic.fna	TF3198
GCA_003031425.1_ASM303142v1_genomic.fna	CFSAN007896
GCF_003031425.1_ASM303142v1_genomic.fna	CFSAN007896
GCA_003031485.1_ASM303148v1_genomic.fna	CC5
GCF_003031485.1_ASM303148v1_genomic.fna	CC5
GCA_003073395.1_ASM307339v1_genomic.fna	CIT
GCF_003073395.1_ASM307339v1_genomic.fna	CIT
GCA_003073415.1_ASM307341v1_genomic.fna	CAR
GCF_003073415.1_ASM307341v1_genomic.fna	CAR
GCA_003073435.1_ASM307343v1_genomic.fna	OXLIM
GCF_003073435.1_ASM307343v1_genomic.fna	OXLIM
GCA_003073635.1_ASM307363v1_genomic.fna	AR466
GCF_003073635.1_ASM307363v1_genomic.fna	AR466
GCA_003073655.1_ASM307365v1_genomic.fna	AR465
GCF_003073655.1_ASM307365v1_genomic.fna	AR465
GCA_003073715.1_ASM307371v1_genomic.fna	AR461
GCF_003073715.1_ASM307371v1_genomic.fna	AR461
GCA_003073755.1_ASM307375v1_genomic.fna	AR464
GCF_003073755.1_ASM307375v1_genomic.fna	AR464
GCA_003073775.1_ASM307377v1_genomic.fna	AR462
GCF_003073775.1_ASM307377v1_genomic.fna	AR462
GCA_003111725.1_ASM311172v1_genomic.fna	SVH7513
GCF_003111725.1_ASM311172v1_genomic.fna	SVH7513
GCA_003111745.1_ASM311174v1_genomic.fna	PTDrAP2
GCF_003111745.1_ASM311174v1_genomic.fna	PTDrAP2
GCA_003184985.1_ASM318498v1_genomic.fna	IT1-S
GCF_003184985.1_ASM318498v1_genomic.fna	IT1-S
GCA_003185005.1_ASM318500v1_genomic.fna	IT4-R
GCF_003185005.1_ASM318500v1_genomic.fna	IT4-R
GCA_003186105.1_ASM318610v1_genomic.fna	MOK063
GCF_003186105.1_ASM318610v1_genomic.fna	MOK063
GCA_003186125.1_ASM318612v1_genomic.fna	MOK042
GCF_003186125.1_ASM318612v1_genomic.fna	MOK042
GCA_003193665.1_ASM319366v1_genomic.fna	AR_0472
GCF_003193665.1_ASM319366v1_genomic.fna	AR_0472
GCA_003193685.1_ASM319368v1_genomic.fna	AR_0223
GCF_003193685.1_ASM319368v1_genomic.fna	AR_0223
GCA_003193705.1_ASM319370v1_genomic.fna	AR_0219
GCF_003193705.1_ASM319370v1_genomic.fna	AR_0219
GCA_003193725.1_ASM319372v1_genomic.fna	AR_0216
GCF_003193725.1_ASM319372v1_genomic.fna	AR_0216
GCA_003193745.1_ASM319374v1_genomic.fna	AR_0470
GCF_003193745.1_ASM319374v1_genomic.fna	AR_0470
GCA_003193765.1_ASM319376v1_genomic.fna	AR_0471
GCF_003193765.1_ASM319376v1_genomic.fna	AR_0471
GCA_003193785.1_ASM319378v1_genomic.fna	AR_0473
GCF_003193785.1_ASM319378v1_genomic.fna	AR_0473
GCA_003193885.1_ASM319388v1_genomic.fna	AR_0467
GCF_003193885.1_ASM319388v1_genomic.fna	AR_0467
GCA_003193965.1_ASM319396v1_genomic.fna	AR_0225
GCF_003193965.1_ASM319396v1_genomic.fna	AR_0225
GCA_003194005.1_ASM319400v1_genomic.fna	AR_0469
GCF_003194005.1_ASM319400v1_genomic.fna	AR_0469
GCA_003194025.1_ASM319402v1_genomic.fna	AR_0215
GCF_003194025.1_ASM319402v1_genomic.fna	AR_0215
GCA_003194405.1_ASM319440v1_genomic.fna	CHU15-056
GCF_003194405.1_ASM319440v1_genomic.fna	CHU15-056
GCA_003203595.1_ASM320359v1_genomic.fna	AR_0226
GCF_003203595.1_ASM320359v1_genomic.fna	AR_0226
GCA_003203615.1_ASM320361v1_genomic.fna	AR_0468
GCF_003203615.1_ASM320361v1_genomic.fna	AR_0468
GCA_003203635.1_ASM320363v1_genomic.fna	AR_0228
GCF_003203635.1_ASM320363v1_genomic.fna	AR_0228
GCA_003203655.1_ASM320365v1_genomic.fna	AR_0222
GCF_003203655.1_ASM320365v1_genomic.fna	AR_0222
GCA_003203675.1_ASM320367v1_genomic.fna	AR_0220
GCF_003203675.1_ASM320367v1_genomic.fna	AR_0220
GCA_003264775.1_ASM326477v1_genomic.fna	CMRSA-3
GCF_003264775.1_ASM326477v1_genomic.fna	CMRSA-3
GCA_003264815.1_ASM326481v1_genomic.fna	CMRSA-6
GCF_003264815.1_ASM326481v1_genomic.fna	CMRSA-6
GCA_003288395.1_ASM328839v1_genomic.fna	AR_475
GCF_003288395.1_ASM328839v1_genomic.fna	AR_475
GCA_003330905.1_ASM333090v1_genomic.fna	AR_474
GCF_003330905.1_ASM333090v1_genomic.fna	AR_474
GCA_003342735.1_ASM334273v1_genomic.fna	E16SA093
GCF_003342735.1_ASM334273v1_genomic.fna	E16SA093
GCA_003342775.1_ASM334277v1_genomic.fna	F17SA003
GCF_003342775.1_ASM334277v1_genomic.fna	F17SA003
GCA_003347055.1_ASM334705v1_genomic.fna	FORC_061
GCF_003347055.1_ASM334705v1_genomic.fna	FORC_061
GCA_003351925.1_ASM335192v1_genomic.fna	FORC_062
GCF_003351925.1_ASM335192v1_genomic.fna	FORC_062
GCA_003354545.1_ASM335454v1_genomic.fna	27
GCF_003354545.1_ASM335454v1_genomic.fna	27
GCA_003354565.1_ASM335456v1_genomic.fna	187
GCF_003354565.1_ASM335456v1_genomic.fna	187
GCA_003354585.1_ASM335458v1_genomic.fna	629
GCF_003354585.1_ASM335458v1_genomic.fna	629
GCA_003354605.1_ASM335460v1_genomic.fna	422
GCF_003354605.1_ASM335460v1_genomic.fna	422
GCA_003354625.1_ASM335462v1_genomic.fna	468
GCF_003354625.1_ASM335462v1_genomic.fna	468
GCA_003354645.1_ASM335464v1_genomic.fna	128
GCF_003354645.1_ASM335464v1_genomic.fna	128
GCA_003354665.1_ASM335466v1_genomic.fna	165
GCF_003354665.1_ASM335466v1_genomic.fna	165
GCA_003354685.1_ASM335468v1_genomic.fna	277
GCA_020389165.1_ASM2038916v1_genomic.fna	277
GCF_003354685.1_ASM335468v1_genomic.fna	277
GCF_020389165.1_ASM2038916v1_genomic.fna	277
GCA_003354705.1_ASM335470v1_genomic.fna	61
GCF_003354705.1_ASM335470v1_genomic.fna	61
GCA_003354725.1_ASM335472v1_genomic.fna	143
GCF_003354725.1_ASM335472v1_genomic.fna	143
GCA_003354745.1_ASM335474v1_genomic.fna	466
GCF_003354745.1_ASM335474v1_genomic.fna	466
GCA_003354765.1_ASM335476v1_genomic.fna	191
GCF_003354765.1_ASM335476v1_genomic.fna	191
GCA_003354785.1_ASM335478v1_genomic.fna	85
GCF_003354785.1_ASM335478v1_genomic.fna	85
GCA_003354805.1_ASM335480v1_genomic.fna	54
GCF_003354805.1_ASM335480v1_genomic.fna	54
GCA_003354865.1_ASM335486v1_genomic.fna	45
GCF_003354865.1_ASM335486v1_genomic.fna	45
GCA_003354885.1_ASM335488v1_genomic.fna	164
GCF_003354885.1_ASM335488v1_genomic.fna	164
GCA_003354905.1_ASM335490v1_genomic.fna	78
GCF_003354905.1_ASM335490v1_genomic.fna	78
GCA_003354925.1_ASM335492v1_genomic.fna	135
GCF_003354925.1_ASM335492v1_genomic.fna	135
GCA_003354945.1_ASM335494v1_genomic.fna	545
GCF_003354945.1_ASM335494v1_genomic.fna	545
GCA_003354965.1_ASM335496v1_genomic.fna	546
GCF_003354965.1_ASM335496v1_genomic.fna	546
GCA_003354985.1_ASM335498v1_genomic.fna	628
GCF_003354985.1_ASM335498v1_genomic.fna	628
GCA_003394105.1_ASM339410v1_genomic.fna	WCH-SK2
GCF_003394105.1_ASM339410v1_genomic.fna	WCH-SK2
GCA_003425545.1_ASM342554v1_genomic.fna	199
GCF_003425545.1_ASM342554v1_genomic.fna	199
GCA_003425835.1_ASM342583v1_genomic.fna	28
GCF_003425835.1_ASM342583v1_genomic.fna	28
GCA_003425885.1_ASM342588v1_genomic.fna	82
GCF_003425885.1_ASM342588v1_genomic.fna	82
GCA_003425915.1_ASM342591v1_genomic.fna	64
GCF_003425915.1_ASM342591v1_genomic.fna	64
GCA_003426145.1_ASM342614v1_genomic.fna	MOZ66
GCF_003426145.1_ASM342614v1_genomic.fna	MOZ66
GCA_003431365.1_ASM343136v1_genomic.fna	CFBR-105
GCF_003431365.1_ASM343136v1_genomic.fna	CFBR-105
GCA_003432345.1_ASM343234v1_genomic.fna	NX-T55
GCF_003432345.1_ASM343234v1_genomic.fna	NX-T55
GCA_003432365.1_ASM343236v1_genomic.fna	QD-CD9
GCF_003432365.1_ASM343236v1_genomic.fna	QD-CD9
GCA_003490125.1_ASM349012v1_genomic.fna	O17
GCF_003490125.1_ASM349012v1_genomic.fna	O17
GCA_003573835.1_ASM357383v1_genomic.fna	JMUB3031
GCF_003573835.1_ASM357383v1_genomic.fna	JMUB3031
GCA_003573855.1_ASM357385v1_genomic.fna	JMUB1273
GCF_003573855.1_ASM357385v1_genomic.fna	JMUB1273
GCA_003595365.1_ASM359536v1_genomic.fna	USA300-SUR1
GCF_003595365.1_ASM359536v1_genomic.fna	USA300-SUR1
GCA_003595385.1_ASM359538v1_genomic.fna	USA300-SUR2
GCF_003595385.1_ASM359538v1_genomic.fna	USA300-SUR2
GCA_003595405.1_ASM359540v1_genomic.fna	USA300-SUR3
GCF_003595405.1_ASM359540v1_genomic.fna	USA300-SUR3
GCA_003595425.1_ASM359542v1_genomic.fna	USA300-SUR4
GCF_003595425.1_ASM359542v1_genomic.fna	USA300-SUR4
GCA_003595445.1_ASM359544v1_genomic.fna	USA300-SUR5
GCF_003595445.1_ASM359544v1_genomic.fna	USA300-SUR5
GCA_003595465.1_ASM359546v1_genomic.fna	USA300-SUR6
GCF_003595465.1_ASM359546v1_genomic.fna	USA300-SUR6
GCA_003595485.1_ASM359548v1_genomic.fna	USA300-SUR7
GCF_003595485.1_ASM359548v1_genomic.fna	USA300-SUR7
GCA_003595505.1_ASM359550v1_genomic.fna	USA300-SUR8
GCF_003595505.1_ASM359550v1_genomic.fna	USA300-SUR8
GCA_003609855.1_ASM360985v1_genomic.fna	JP080
GCF_003609855.1_ASM360985v1_genomic.fna	JP080
GCA_003609895.1_ASM360989v1_genomic.fna	GN3
GCF_003609895.1_ASM360989v1_genomic.fna	GN3
GCA_003609915.1_ASM360991v1_genomic.fna	GN1
GCF_003609915.1_ASM360991v1_genomic.fna	GN1
GCA_003627835.1_ASM362783v1_genomic.fna	O326
GCF_003627835.1_ASM362783v1_genomic.fna	O326
GCA_003827915.1_ASM382791v1_genomic.fna	FDAARGOS_504
GCF_003827915.1_ASM382791v1_genomic.fna	FDAARGOS_504
GCA_003855575.1_ASM385557v1_genomic.fna	80wphwpl_v1
GCF_003855575.1_ASM385557v1_genomic.fna	80wphwpl_v1
GCA_003944865.1_ASM394486v1_genomic.fna	80wphwpl
GCF_003944865.1_ASM394486v1_genomic.fna	80wphwpl
GCA_003945405.1_ASM394540v1_genomic.fna	TUM9458
GCF_003945405.1_ASM394540v1_genomic.fna	TUM9458
GCA_003945425.1_ASM394542v1_genomic.fna	TUM9463
GCF_003945425.1_ASM394542v1_genomic.fna	TUM9463
GCA_003952625.1_ASM395262v1_genomic.fna	PMB 81-4
GCF_003952625.1_ASM395262v1_genomic.fna	PMB 81-4
GCA_003955945.1_ASM395594v1_genomic.fna	O267
GCF_003955945.1_ASM395594v1_genomic.fna	O267
GCA_003957315.1_ASM395731v1_genomic.fna	PMB 64-1
GCF_003957315.1_ASM395731v1_genomic.fna	PMB 64-1
GCA_003991015.1_ASM399101v1_genomic.fna	USA 100
GCF_003991015.1_ASM399101v1_genomic.fna	USA 100
GCA_004026165.1_ASM402616v1_genomic.fna	PCFH-226
GCF_004026165.1_ASM402616v1_genomic.fna	PCFH-226
GCA_004026185.1_ASM402618v1_genomic.fna	PCFA-221
GCF_004026185.1_ASM402618v1_genomic.fna	PCFA-221
GCA_004118995.1_ASM411899v1_genomic.fna	LAC
GCA_015475575.1_ASM1547557v1_genomic.fna	LAC
GCF_004118995.1_ASM411899v1_genomic.fna	LAC
GCF_015475575.1_ASM1547557v1_genomic.fna	LAC
GCA_004136235.1_ASM413623v1_genomic.fna	M51
GCF_004136235.1_ASM413623v1_genomic.fna	M51
GCA_004136255.1_ASM413625v1_genomic.fna	M48
GCF_004136255.1_ASM413625v1_genomic.fna	M48
GCA_004136655.1_ASM413665v1_genomic.fna	S57
GCF_004136655.1_ASM413665v1_genomic.fna	S57
GCA_004153365.1_ASM415336v1_genomic.fna	VB31683
GCF_004153365.1_ASM415336v1_genomic.fna	VB31683
GCA_004193875.1_ASM419387v1_genomic.fna	C3948
GCF_004193875.1_ASM419387v1_genomic.fna	C3948
GCA_004193895.1_ASM419389v1_genomic.fna	H489
GCF_004193895.1_ASM419389v1_genomic.fna	H489
GCA_004208595.1_ASM420859v1_genomic.fna	592
GCF_004208595.1_ASM420859v1_genomic.fna	592
GCA_004421085.1_ASM442108v1_genomic.fna	04-002
GCF_004421085.1_ASM442108v1_genomic.fna	04-002
GCA_004614295.1_ASM461429v1_genomic.fna	C8879
GCF_004614295.1_ASM461429v1_genomic.fna	C8879
GCA_004614315.1_ASM461431v1_genomic.fna	JK3137
GCF_004614315.1_ASM461431v1_genomic.fna	JK3137
GCA_004771335.1_ASM477133v1_genomic.fna	O217
GCF_004771335.1_ASM477133v1_genomic.fna	O217
GCA_004771515.1_ASM477151v1_genomic.fna	B119
GCF_004771515.1_ASM477151v1_genomic.fna	B119
GCA_004771975.1_ASM477197v1_genomic.fna	O408
GCF_004771975.1_ASM477197v1_genomic.fna	O408
GCA_004772055.1_ASM477205v1_genomic.fna	O331
GCF_004772055.1_ASM477205v1_genomic.fna	O331
GCA_004772175.1_ASM477217v1_genomic.fna	O55
GCF_004772175.1_ASM477217v1_genomic.fna	O55
GCA_004772215.1_ASM477221v1_genomic.fna	O268
GCF_004772215.1_ASM477221v1_genomic.fna	O268
GCA_004785995.1_ASM478599v1_genomic.fna	WCUH29
GCF_004785995.1_ASM478599v1_genomic.fna	WCUH29
GCA_004797195.1_ASM479719v1_genomic.fna	O82
GCF_004797195.1_ASM479719v1_genomic.fna	O82
GCA_005705815.1_ASM570581v1_genomic.fna	Lr6
GCF_005705815.1_ASM570581v1_genomic.fna	Lr6
GCA_005707015.1_ASM570701v1_genomic.fna	R50
GCF_005707015.1_ASM570701v1_genomic.fna	R50
GCA_005707215.1_ASM570721v1_genomic.fna	Lr12
GCF_005707215.1_ASM570721v1_genomic.fna	Lr12
GCA_005707335.1_ASM570733v1_genomic.fna	Lr3
GCF_005707335.1_ASM570733v1_genomic.fna	Lr3
GCA_005885975.1_ASM588597v1_genomic.fna	Col52-A5
GCF_005885975.1_ASM588597v1_genomic.fna	Col52-A5
GCA_005889995.1_ASM588999v1_genomic.fna	J01
GCF_005889995.1_ASM588999v1_genomic.fna	J01
GCA_005890015.1_ASM589001v1_genomic.fna	JKD6004
GCF_005890015.1_ASM589001v1_genomic.fna	JKD6004
GCA_005890035.1_ASM589003v1_genomic.fna	D592-HR
GCF_005890035.1_ASM589003v1_genomic.fna	D592-HR
GCA_005931015.2_ASM593101v2_genomic.fna	GD487
GCF_005931015.1_ASM593101v1_genomic.fna	GD487
GCF_005931015.2_ASM593101v2_genomic.fna	GD487
GCA_005931035.2_ASM593103v2_genomic.fna	GD1108
GCF_005931035.1_ASM593103v1_genomic.fna	GD1108
GCF_005931035.2_ASM593103v2_genomic.fna	GD1108
GCA_005931055.2_ASM593105v2_genomic.fna	GD1696
GCF_005931055.1_ASM593105v1_genomic.fna	GD1696
GCF_005931055.2_ASM593105v2_genomic.fna	GD1696
GCA_005954685.1_ASM595468v1_genomic.fna	D592
GCF_005954685.1_ASM595468v1_genomic.fna	D592
GCA_006088835.1_ASM608883v1_genomic.fna	aureus
GCF_006088835.1_ASM608883v1_genomic.fna	aureus
GCA_006094915.1_ASM609491v1_genomic.fna	ATCC 12600
GCF_006094915.1_ASM609491v1_genomic.fna	ATCC 12600
GCA_006158985.1_ASM615898v1_genomic.fna	S15
GCF_006158985.1_ASM615898v1_genomic.fna	S15
GCA_006364675.1_ASM636467v1_genomic.fna	FDAARGOS_773
GCF_006364675.1_ASM636467v1_genomic.fna	FDAARGOS_773
GCA_006364775.1_ASM636477v1_genomic.fna	FDAARGOS_766
GCF_006364775.1_ASM636477v1_genomic.fna	FDAARGOS_766
GCA_007185035.1_ASM718503v1_genomic.fna	JRA307
GCF_007185035.1_ASM718503v1_genomic.fna	JRA307
GCA_007410625.1_ASM741062v1_genomic.fna	JKD6004-DR
GCF_007410625.1_ASM741062v1_genomic.fna	JKD6004-DR
GCA_007726325.1_ASM772632v1_genomic.fna	B3-14B
GCF_007726325.1_ASM772632v1_genomic.fna	B3-14B
GCA_007726465.1_ASM772646v1_genomic.fna	B2-7A
GCF_007726465.1_ASM772646v1_genomic.fna	B2-7A
GCA_007726495.1_ASM772649v1_genomic.fna	B2-15A
GCF_007726495.1_ASM772649v1_genomic.fna	B2-15A
GCA_007726525.1_ASM772652v1_genomic.fna	B4-59C
GCF_007726525.1_ASM772652v1_genomic.fna	B4-59C
GCA_007726545.1_ASM772654v1_genomic.fna	B8-13D
GCF_007726545.1_ASM772654v1_genomic.fna	B8-13D
GCA_007726565.1_ASM772656v1_genomic.fna	B3-17D
GCF_007726565.1_ASM772656v1_genomic.fna	B3-17D
GCA_007813675.1_ASM781367v1_genomic.fna	13
GCF_007813675.1_ASM781367v1_genomic.fna	13
GCA_007826355.1_ASM782635v1_genomic.fna	NP66
GCF_007826355.1_ASM782635v1_genomic.fna	NP66
GCA_007954445.1_ASM795444v1_genomic.fna	BSN9S
GCF_007954445.1_ASM795444v1_genomic.fna	BSN9S
GCA_007954465.1_ASM795446v1_genomic.fna	BSN9R
GCF_007954465.1_ASM795446v1_genomic.fna	BSN9R
GCA_007998145.1_ASM799814v1_genomic.fna	X22
GCF_007998145.1_ASM799814v1_genomic.fna	X22
GCA_008244705.1_ASM824470v1_genomic.fna	NRS384
GCF_008244705.1_ASM824470v1_genomic.fna	NRS384
GCA_008244725.1_ASM824472v1_genomic.fna	NRS384-rpoB-H481N-NCV
GCF_008244725.1_ASM824472v1_genomic.fna	NRS384-rpoB-H481N-NCV
GCA_008244745.1_ASM824474v1_genomic.fna	NRS384-rpoB-H481N-SCV
GCF_008244745.1_ASM824474v1_genomic.fna	NRS384-rpoB-H481N-SCV
GCA_008329865.1_ASM832986v1_genomic.fna	CFSAN082782
GCF_008329865.1_ASM832986v1_genomic.fna	CFSAN082782
GCA_008329885.1_ASM832988v1_genomic.fna	CFSAN082781
GCF_008329885.1_ASM832988v1_genomic.fna	CFSAN082781
GCA_008330045.1_ASM833004v1_genomic.fna	VGC1
GCF_008330045.1_ASM833004v1_genomic.fna	VGC1
GCA_008330585.1_ASM833058v1_genomic.fna	CFSAN082783
GCF_008330585.1_ASM833058v1_genomic.fna	CFSAN082783
GCA_008370815.1_ASM837081v1_genomic.fna	16445
GCF_008370815.1_ASM837081v1_genomic.fna	16445
GCA_008462245.1_ASM846224v1_genomic.fna	GD1706
GCF_008462245.1_ASM846224v1_genomic.fna	GD1706
GCA_008619075.1_ASM861907v1_genomic.fna	KUN1163
GCF_008619075.1_ASM861907v1_genomic.fna	KUN1163
GCA_008619235.1_ASM861923v1_genomic.fna	KUH140013
GCF_008619235.1_ASM861923v1_genomic.fna	KUH140013
GCA_008619415.1_ASM861941v1_genomic.fna	KUH140046
GCF_008619415.1_ASM861941v1_genomic.fna	KUH140046
GCA_008619595.1_ASM861959v1_genomic.fna	KUH140087
GCF_008619595.1_ASM861959v1_genomic.fna	KUH140087
GCA_008619795.1_ASM861979v1_genomic.fna	KUH140331
GCF_008619795.1_ASM861979v1_genomic.fna	KUH140331
GCA_008619935.1_ASM861993v1_genomic.fna	KUH180038
GCF_008619935.1_ASM861993v1_genomic.fna	KUH180038
GCA_008620055.1_ASM862005v1_genomic.fna	KUH180062
GCF_008620055.1_ASM862005v1_genomic.fna	KUH180062
GCA_008620175.1_ASM862017v1_genomic.fna	KUH180129
GCF_008620175.1_ASM862017v1_genomic.fna	KUH180129
GCA_008693765.1_ASM869376v1_genomic.fna	FDAARGOS_660
GCF_008693765.1_ASM869376v1_genomic.fna	FDAARGOS_660
GCA_008934005.1_ASM893400v1_genomic.fna	ER02837.3
GCA_008934035.1_ASM893403v1_genomic.fna	ER00503.3
GCA_008934055.1_ASM893405v1_genomic.fna	ER01817.3
GCA_008934075.1_ASM893407v1_genomic.fna	ER03857.3
GCA_008934095.1_ASM893409v1_genomic.fna	ER04385.3
GCA_008934115.1_ASM893411v1_genomic.fna	ER01518.3
GCA_008934135.1_ASM893413v1_genomic.fna	PS00001.3
GCA_008934155.1_ASM893415v1_genomic.fna	ER02658.3
GCA_008934175.1_ASM893417v1_genomic.fna	ER03444.3
GCA_008934195.1_ASM893419v1_genomic.fna	ER04436.3
GCA_008934215.1_ASM893421v1_genomic.fna	ER01838.3
GCA_008934235.1_ASM893423v1_genomic.fna	ER04235.3
GCA_008934255.1_ASM893425v1_genomic.fna	ER04450.3
GCA_008934275.1_ASM893427v1_genomic.fna	ER03759.3
GCA_008934295.1_ASM893429v1_genomic.fna	ER02243.3
GCA_008934315.1_ASM893431v1_genomic.fna	ER04119.3
GCA_008934335.1_ASM893433v1_genomic.fna	ER01109.3
GCA_008934355.1_ASM893435v1_genomic.fna	ER04013.3
GCA_008934375.1_ASM893437v1_genomic.fna	ER04246.3
GCA_008934395.1_ASM893439v1_genomic.fna	ER00695.3
GCA_008934415.1_ASM893441v1_genomic.fna	ER04127.3
GCA_008934435.1_ASM893443v1_genomic.fna	ER02836.3
GCA_008934455.1_ASM893445v1_genomic.fna	ER01121.3
GCA_008934475.1_ASM893447v1_genomic.fna	ER04020.4
GCA_008934495.1_ASM893449v1_genomic.fna	ER00610.3
GCA_008934515.1_ASM893451v1_genomic.fna	ER04086.3
GCA_008934535.1_ASM893453v1_genomic.fna	ER04115.3
GCA_008934555.1_ASM893455v1_genomic.fna	ER00994.3
GCA_008934575.1_ASM893457v1_genomic.fna	ER02972.3
GCA_008934595.1_ASM893459v1_genomic.fna	ER00551.3
GCA_008934615.1_ASM893461v1_genomic.fna	ER04320.3
GCA_008934635.1_ASM893463v1_genomic.fna	ER03760.3
GCA_008934655.1_ASM893465v1_genomic.fna	ER01689.3
GCA_008934675.1_ASM893467v1_genomic.fna	ER04142.3
GCA_008934695.1_ASM893469v1_genomic.fna	ER04612.3
GCA_008934715.1_ASM893471v1_genomic.fna	ER04041.3
GCA_008934735.1_ASM893473v1_genomic.fna	ER03996.3
GCA_008934755.1_ASM893475v1_genomic.fna	ER02637.3
GCA_008934775.1_ASM893477v1_genomic.fna	ER03321.3
GCA_008934795.1_ASM893479v1_genomic.fna	ER03868.3
GCA_008934815.1_ASM893481v1_genomic.fna	ER04219.3
GCA_008934835.1_ASM893483v1_genomic.fna	ER04567.3
GCA_008934855.1_ASM893485v1_genomic.fna	ER02360.3
GCA_008934875.1_ASM893487v1_genomic.fna	ER03761.3
GCA_008934895.1_ASM893489v1_genomic.fna	ER00959.3
GCA_008934915.1_ASM893491v1_genomic.fna	ER01425.3
GCA_008934935.1_ASM893493v1_genomic.fna	ER01062.3
GCA_008934955.1_ASM893495v1_genomic.fna	ER02947.3
GCA_008934975.1_ASM893497v1_genomic.fna	PS00002.3
GCA_008934995.1_ASM893499v1_genomic.fna	ER03113.3
GCA_008935015.1_ASM893501v1_genomic.fna	ER01719.3
GCA_008935035.1_ASM893503v1_genomic.fna	ER01836.3
GCA_008935095.1_ASM893509v1_genomic.fna	ER04174.3
GCA_008935115.1_ASM893511v1_genomic.fna	ER02988.3
GCA_008935135.1_ASM893513v1_genomic.fna	ER04242.3
GCA_008935155.1_ASM893515v1_genomic.fna	ER01892.3
GCA_008935175.1_ASM893517v1_genomic.fna	ER00749.3
GCA_008935195.1_ASM893519v1_genomic.fna	PS00004.3
GCA_008935215.1_ASM893521v1_genomic.fna	ER02094.3
GCA_008935235.1_ASM893523v1_genomic.fna	ER01935.3
GCA_008935255.1_ASM893525v1_genomic.fna	ER03750.3
GCA_008935275.1_ASM893527v1_genomic.fna	ER03023.3
GCA_008935295.1_ASM893529v1_genomic.fna	ER04164.3
GCA_008935315.1_ASM893531v1_genomic.fna	ER02703.3
GCA_008935335.1_ASM893533v1_genomic.fna	ER04166.3
GCA_008935355.1_ASM893535v1_genomic.fna	ER04069.3
GCA_008935375.1_ASM893537v1_genomic.fna	ER01776.3
GCA_008935395.1_ASM893539v1_genomic.fna	ER03762.3
GCA_008935415.1_ASM893541v1_genomic.fna	ER04402.3
GCA_008935435.1_ASM893543v1_genomic.fna	ER04225.3
GCA_008935455.1_ASM893545v1_genomic.fna	ER02746.3
GCA_008935475.1_ASM893547v1_genomic.fna	ER03717.3
GCA_008935495.1_ASM893549v1_genomic.fna	ER03913.3
GCA_008935515.1_ASM893551v1_genomic.fna	ER00707.3
GCA_008935535.1_ASM893553v1_genomic.fna	ER00767.3
GCA_008935555.1_ASM893555v1_genomic.fna	ER04261.3
GCA_008935575.1_ASM893557v1_genomic.fna	ER04636.3
GCA_008935595.1_ASM893559v1_genomic.fna	ER01009.3
GCA_008935615.1_ASM893561v1_genomic.fna	ER03763.3
GCA_008935635.1_ASM893563v1_genomic.fna	ER02989.3
GCA_008935655.1_ASM893565v1_genomic.fna	ER03493.3
GCA_008935675.1_ASM893567v1_genomic.fna	ER03755.3
GCA_008935695.1_ASM893569v1_genomic.fna	ER03489.3
GCA_008935715.1_ASM893571v1_genomic.fna	ER02693.3
GCA_008935735.1_ASM893573v1_genomic.fna	ER01454.3
GCA_008935755.1_ASM893575v1_genomic.fna	ER01746.3
GCA_008935775.1_ASM893577v1_genomic.fna	ER04085.3
GCA_008935795.1_ASM893579v1_genomic.fna	ER02069.3
GCA_008935815.1_ASM893581v1_genomic.fna	ER04165.3
GCA_008935835.1_ASM893583v1_genomic.fna	ER04448.3
GCA_008935855.1_ASM893585v1_genomic.fna	ER05857.3
GCA_008935875.1_ASM893587v1_genomic.fna	ER04407.3
GCA_008935895.1_ASM893589v1_genomic.fna	ER02919.3
GCA_008935915.1_ASM893591v1_genomic.fna	ER04021.4
GCA_008935935.1_ASM893593v1_genomic.fna	ER02969.3
GCA_008935955.1_ASM893595v1_genomic.fna	ER03930.3
GCA_008935975.1_ASM893597v1_genomic.fna	ER01560.3
GCA_008935995.1_ASM893599v1_genomic.fna	ER03737.3
GCA_008936015.1_ASM893601v1_genomic.fna	ER04440.3
GCA_008936035.1_ASM893603v1_genomic.fna	ER00951.3
GCA_008936055.1_ASM893605v1_genomic.fna	ER00385.3
GCA_008936075.1_ASM893607v1_genomic.fna	ER01524.3
GCA_008936095.1_ASM893609v1_genomic.fna	ER01532.3
GCA_008936115.1_ASM893611v1_genomic.fna	ER02217.3
GCA_008936135.1_ASM893613v1_genomic.fna	ER01507.3
GCA_008936155.1_ASM893615v1_genomic.fna	ER01422.3
GCA_008936175.1_ASM893617v1_genomic.fna	pt053
GCA_008936195.1_ASM893619v1_genomic.fna	ER03298.3
GCA_008936215.1_ASM893621v1_genomic.fna	ER03448.3
GCA_008936235.1_ASM893623v1_genomic.fna	ER01823.3
GCA_008936255.1_ASM893625v1_genomic.fna	ER03588.3
GCA_008936275.1_ASM893627v1_genomic.fna	ER02443.3
GCA_008936295.1_ASM893629v1_genomic.fna	ER03809.3
GCA_008936315.1_ASM893631v1_genomic.fna	ER02524.3
GCA_008936335.1_ASM893633v1_genomic.fna	ER00658.3
GCA_008936355.1_ASM893635v1_genomic.fna	ER04181.3
GCA_008936375.1_ASM893637v1_genomic.fna	ER03910.3
GCA_008936395.1_ASM893639v1_genomic.fna	ER01881.3
GCA_008936415.1_ASM893641v1_genomic.fna	ER01457.3
GCA_008936435.1_ASM893643v1_genomic.fna	ER04060.3
GCA_008936455.1_ASM893645v1_genomic.fna	ER04397.3
GCA_008936475.1_ASM893647v1_genomic.fna	ER03720.3
GCA_008936495.1_ASM893649v1_genomic.fna	ER02262.3
GCA_008936515.1_ASM893651v1_genomic.fna	ER03928.3
GCA_008936535.1_ASM893653v1_genomic.fna	ER00484.3
GCA_008936555.1_ASM893655v1_genomic.fna	ER01989.3
GCA_008936575.1_ASM893657v1_genomic.fna	ER01116.3
GCA_008936595.1_ASM893659v1_genomic.fna	ER01073.3
GCA_008936615.1_ASM893661v1_genomic.fna	ER00594.3
GCA_008936635.1_ASM893663v1_genomic.fna	ER04421.3
GCA_008936655.1_ASM893665v1_genomic.fna	ER03364.3
GCA_008936675.1_ASM893667v1_genomic.fna	ER01334.3
GCA_008936695.1_ASM893669v1_genomic.fna	ER01174.3
GCA_008936715.1_ASM893671v1_genomic.fna	ER02612.3
GCA_008936735.1_ASM893673v1_genomic.fna	ER03481.3
GCA_008936755.1_ASM893675v1_genomic.fna	ER04332.3
GCA_008936775.1_ASM893677v1_genomic.fna	ER03864.3
GCA_008936795.1_ASM893679v1_genomic.fna	ER01564.3
GCA_008936815.1_ASM893681v1_genomic.fna	ER02495.3
GCA_008936835.1_ASM893683v1_genomic.fna	PS00003.3
GCA_008936855.1_ASM893685v1_genomic.fna	ER04163.3
GCA_008936875.1_ASM893687v1_genomic.fna	ER02826.3
GCA_008936895.1_ASM893689v1_genomic.fna	ER01533.3
GCA_008936915.1_ASM893691v1_genomic.fna	ER03710.3
GCA_008937055.1_ASM893705v1_genomic.fna	ER03544.3
GCA_008937295.1_ASM893729v1_genomic.fna	ER03556.3
GCA_008937415.1_ASM893741v1_genomic.fna	ER04324.3
GCA_008937635.1_ASM893763v1_genomic.fna	ER01803.3
GCA_008937855.1_ASM893785v1_genomic.fna	ER02878.3
GCA_008938015.1_ASM893801v1_genomic.fna	ER00573.3
GCA_008938075.1_ASM893807v1_genomic.fna	ER01570.3
GCA_008938095.1_ASM893809v1_genomic.fna	ER04314.3
GCA_009176765.1_ASM917676v1_genomic.fna	KG-03
GCF_009176765.1_ASM917676v1_genomic.fna	KG-03
GCA_009176785.1_ASM917678v1_genomic.fna	KG-18
GCF_009176785.1_ASM917678v1_genomic.fna	KG-18
GCA_009176875.1_ASM917687v1_genomic.fna	KG-22
GCF_009176875.1_ASM917687v1_genomic.fna	KG-22
GCA_009684655.1_ASM968465v1_genomic.fna	ZY05
GCF_009684655.1_ASM968465v1_genomic.fna	ZY05
GCA_009728755.1_ASM972875v1_genomic.fna	ST20130944
GCF_009728755.1_ASM972875v1_genomic.fna	ST20130944
GCA_009728775.1_ASM972877v1_genomic.fna	ST20130945
GCF_009728775.1_ASM972877v1_genomic.fna	ST20130945
GCA_009731595.1_ASM973159v1_genomic.fna	Tokyo12480
GCF_009731595.1_ASM973159v1_genomic.fna	Tokyo12480
GCA_009739675.1_ASM973967v1_genomic.fna	P2D8C1
GCF_009739675.1_ASM973967v1_genomic.fna	P2D8C1
GCA_009739695.1_ASM973969v1_genomic.fna	P2D1C1
GCF_009739695.1_ASM973969v1_genomic.fna	P2D1C1
GCA_009739715.1_ASM973971v1_genomic.fna	P2D15C1
GCF_009739715.1_ASM973971v1_genomic.fna	P2D15C1
GCA_009739735.1_ASM973973v1_genomic.fna	P1D9C1
GCF_009739735.1_ASM973973v1_genomic.fna	P1D9C1
GCA_009739755.1_ASM973975v1_genomic.fna	P1D8C2
GCF_009739755.1_ASM973975v1_genomic.fna	P1D8C2
GCA_009739775.1_ASM973977v1_genomic.fna	P1D8C1
GCF_009739775.1_ASM973977v1_genomic.fna	P1D8C1
GCA_009739795.1_ASM973979v1_genomic.fna	P1D7C1
GCF_009739795.1_ASM973979v1_genomic.fna	P1D7C1
GCA_009739825.1_ASM973982v1_genomic.fna	P1D5C1
GCF_009739825.1_ASM973982v1_genomic.fna	P1D5C1
GCA_009739845.1_ASM973984v1_genomic.fna	P1D1C1
GCF_009739845.1_ASM973984v1_genomic.fna	P1D1C1
GCA_009739865.1_ASM973986v1_genomic.fna	P1D14C1
GCF_009739865.1_ASM973986v1_genomic.fna	P1D14C1
GCA_009739885.1_ASM973988v1_genomic.fna	P1D12C1
GCF_009739885.1_ASM973988v1_genomic.fna	P1D12C1
GCA_009740205.1_ASM974020v1_genomic.fna	P1D5C2
GCF_009740205.1_ASM974020v1_genomic.fna	P1D5C2
GCA_009769095.1_ASM976909v1_genomic.fna	NCCP 16830
GCF_009769095.1_ASM976909v1_genomic.fna	NCCP 16830
GCA_009857055.1_ASM985705v1_genomic.fna	RJ1267
GCF_009857055.1_ASM985705v1_genomic.fna	RJ1267
GCA_009911815.1_ASM991181v1_genomic.fna	UP_1522
GCF_009911815.1_ASM991181v1_genomic.fna	UP_1522
GCA_009911835.1_ASM991183v1_genomic.fna	UP_1632
GCF_009911835.1_ASM991183v1_genomic.fna	UP_1632
GCA_009911855.1_ASM991185v1_genomic.fna	UP_1433
GCF_009911855.1_ASM991185v1_genomic.fna	UP_1433
GCA_009911895.1_ASM991189v1_genomic.fna	UP_967
GCF_009911895.1_ASM991189v1_genomic.fna	UP_967
GCA_009911965.1_ASM991196v1_genomic.fna	UP_1395
GCF_009911965.1_ASM991196v1_genomic.fna	UP_1395
GCA_009912015.1_ASM991201v1_genomic.fna	UP_1500
GCF_009912015.1_ASM991201v1_genomic.fna	UP_1500
GCA_009912035.1_ASM991203v1_genomic.fna	UP_1572
GCF_009912035.1_ASM991203v1_genomic.fna	UP_1572
GCA_009912055.1_ASM991205v1_genomic.fna	UP_1612
GCF_009912055.1_ASM991205v1_genomic.fna	UP_1612
GCA_009912075.1_ASM991207v1_genomic.fna	UP_1654
GCF_009912075.1_ASM991207v1_genomic.fna	UP_1654
GCA_009912095.1_ASM991209v1_genomic.fna	UP_1209
GCF_009912095.1_ASM991209v1_genomic.fna	UP_1209
GCA_009912115.1_ASM991211v1_genomic.fna	UP_794
GCF_009912115.1_ASM991211v1_genomic.fna	UP_794
GCA_009912155.1_ASM991215v1_genomic.fna	UP_1559
GCF_009912155.1_ASM991215v1_genomic.fna	UP_1559
GCA_009912195.1_ASM991219v1_genomic.fna	UP_1278
GCF_009912195.1_ASM991219v1_genomic.fna	UP_1278
GCA_009912255.1_ASM991225v1_genomic.fna	UP_926
GCF_009912255.1_ASM991225v1_genomic.fna	UP_926
GCA_009912295.1_ASM991229v1_genomic.fna	UP_1539
GCF_009912295.1_ASM991229v1_genomic.fna	UP_1539
GCA_009912335.1_ASM991233v1_genomic.fna	UP_1313
GCF_009912335.1_ASM991233v1_genomic.fna	UP_1313
GCA_009912355.1_ASM991235v1_genomic.fna	UP_1239
GCF_009912355.1_ASM991235v1_genomic.fna	UP_1239
GCA_009912375.1_ASM991237v1_genomic.fna	UP_1073
GCF_009912375.1_ASM991237v1_genomic.fna	UP_1073
GCA_009912415.1_ASM991241v1_genomic.fna	UP_1484
GCF_009912415.1_ASM991241v1_genomic.fna	UP_1484
GCA_009912435.1_ASM991243v1_genomic.fna	UP_1452
GCF_009912435.1_ASM991243v1_genomic.fna	UP_1452
GCA_009912455.1_ASM991245v1_genomic.fna	UP_1108
GCF_009912455.1_ASM991245v1_genomic.fna	UP_1108
GCA_009912475.1_ASM991247v1_genomic.fna	UP_1352
GCF_009912475.1_ASM991247v1_genomic.fna	UP_1352
GCA_009912495.1_ASM991249v1_genomic.fna	UP_1186
GCF_009912495.1_ASM991249v1_genomic.fna	UP_1186
GCA_009912535.1_ASM991253v1_genomic.fna	UP_1150
GCF_009912535.1_ASM991253v1_genomic.fna	UP_1150
GCA_009912555.1_ASM991255v1_genomic.fna	UP_883
GCF_009912555.1_ASM991255v1_genomic.fna	UP_883
GCA_009912595.1_ASM991259v1_genomic.fna	UP_1033
GCF_009912595.1_ASM991259v1_genomic.fna	UP_1033
GCA_009912615.1_ASM991261v1_genomic.fna	UP_830
GCF_009912615.1_ASM991261v1_genomic.fna	UP_830
GCA_009912635.1_ASM991263v1_genomic.fna	UP_490
GCF_009912635.1_ASM991263v1_genomic.fna	UP_490
GCA_009912655.1_ASM991265v1_genomic.fna	UP_996
GCF_009912655.1_ASM991265v1_genomic.fna	UP_996
GCA_009912675.1_ASM991267v1_genomic.fna	UP_764
GCF_009912675.1_ASM991267v1_genomic.fna	UP_764
GCA_009912695.1_ASM991269v1_genomic.fna	UP_719
GCF_009912695.1_ASM991269v1_genomic.fna	UP_719
GCA_009912715.1_ASM991271v1_genomic.fna	UP_818
GCF_009912715.1_ASM991271v1_genomic.fna	UP_818
GCA_009912735.1_ASM991273v1_genomic.fna	UP_678
GCF_009912735.1_ASM991273v1_genomic.fna	UP_678
GCA_009912755.1_ASM991275v1_genomic.fna	UP_522
GCF_009912755.1_ASM991275v1_genomic.fna	UP_522
GCA_009912775.1_ASM991277v1_genomic.fna	UP_644
GCF_009912775.1_ASM991277v1_genomic.fna	UP_644
GCA_009912795.1_ASM991279v1_genomic.fna	UP_248
GCF_009912795.1_ASM991279v1_genomic.fna	UP_248
GCA_009912815.1_ASM991281v1_genomic.fna	UP_378
GCF_009912815.1_ASM991281v1_genomic.fna	UP_378
GCA_009912835.1_ASM991283v1_genomic.fna	UP_462
GCF_009912835.1_ASM991283v1_genomic.fna	UP_462
GCA_009912855.1_ASM991285v1_genomic.fna	UP_620
GCF_009912855.1_ASM991285v1_genomic.fna	UP_620
GCA_009912875.1_ASM991287v1_genomic.fna	UP_591
GCF_009912875.1_ASM991287v1_genomic.fna	UP_591
GCA_009912895.1_ASM991289v1_genomic.fna	UP_1435
GCF_009912895.1_ASM991289v1_genomic.fna	UP_1435
GCA_009912915.1_ASM991291v1_genomic.fna	UP_403
GCF_009912915.1_ASM991291v1_genomic.fna	UP_403
GCA_009912935.1_ASM991293v1_genomic.fna	UP_551
GCF_009912935.1_ASM991293v1_genomic.fna	UP_551
GCA_009912955.1_ASM991295v1_genomic.fna	UP_426
GCF_009912955.1_ASM991295v1_genomic.fna	UP_426
GCA_009912975.1_ASM991297v1_genomic.fna	UP_419
GCF_009912975.1_ASM991297v1_genomic.fna	UP_419
GCA_009912995.1_ASM991299v1_genomic.fna	UP_774
GCF_009912995.1_ASM991299v1_genomic.fna	UP_774
GCA_009913015.1_ASM991301v1_genomic.fna	UP_844
GCF_009913015.1_ASM991301v1_genomic.fna	UP_844
GCA_009913035.1_ASM991303v1_genomic.fna	UP_274
GCF_009913035.1_ASM991303v1_genomic.fna	UP_274
GCA_009913055.1_ASM991305v1_genomic.fna	UP_296
GCF_009913055.1_ASM991305v1_genomic.fna	UP_296
GCA_009913075.1_ASM991307v1_genomic.fna	UP_322
GCF_009913075.1_ASM991307v1_genomic.fna	UP_322
GCA_009913095.1_ASM991309v1_genomic.fna	UP_1405
GCF_009913095.1_ASM991309v1_genomic.fna	UP_1405
GCA_009913115.1_ASM991311v1_genomic.fna	UP_1097
GCF_009913115.1_ASM991311v1_genomic.fna	UP_1097
GCA_009913135.1_ASM991313v1_genomic.fna	UP_1525
GCF_009913135.1_ASM991313v1_genomic.fna	UP_1525
GCA_009913155.1_ASM991315v1_genomic.fna	UP_1322
GCF_009913155.1_ASM991315v1_genomic.fna	UP_1322
GCA_009913175.1_ASM991317v1_genomic.fna	UP_1106
GCF_009913175.1_ASM991317v1_genomic.fna	UP_1106
GCA_009913195.1_ASM991319v1_genomic.fna	UP_1442
GCF_009913195.1_ASM991319v1_genomic.fna	UP_1442
GCA_009913215.1_ASM991321v1_genomic.fna	UP_338
GCF_009913215.1_ASM991321v1_genomic.fna	UP_338
GCA_009914455.1_ASM991445v1_genomic.fna	SAW1
GCF_009914455.1_ASM991445v1_genomic.fna	SAW1
GCA_009937785.1_ASM993778v1_genomic.fna	UP_1591
GCF_009937785.1_ASM993778v1_genomic.fna	UP_1591
GCA_010669265.1_ASM1066926v1_genomic.fna	SR153
GCF_010669265.1_ASM1066926v1_genomic.fna	SR153
GCA_011032785.1_ASM1103278v1_genomic.fna	SA1428
GCF_011032785.1_ASM1103278v1_genomic.fna	SA1428
GCA_011035105.1_ASM1103510v1_genomic.fna	M2024
GCF_011035105.1_ASM1103510v1_genomic.fna	M2024
GCA_012044215.1_ASM1204421v1_genomic.fna	PMB179-1
GCF_012044215.1_ASM1204421v1_genomic.fna	PMB179-1
GCA_012044475.1_ASM1204447v1_genomic.fna	PMB196-1
GCF_012044475.1_ASM1204447v1_genomic.fna	PMB196-1
GCA_012974825.1_ASM1297482v1_genomic.fna	MJ163
GCF_012974825.1_ASM1297482v1_genomic.fna	MJ163
GCA_013004085.1_ASM1300408v1_genomic.fna	SA01
GCF_013004085.1_ASM1300408v1_genomic.fna	SA01
GCA_013008375.1_ASM1300837v1_genomic.fna	EDCC5398
GCF_013008375.1_ASM1300837v1_genomic.fna	EDCC5398
GCA_013046865.1_ASM1304686v1_genomic.fna	Guangzhou-SAU749
GCF_013046865.1_ASM1304686v1_genomic.fna	Guangzhou-SAU749
GCA_013046885.1_ASM1304688v1_genomic.fna	Guangzhou-SAU071
GCF_013046885.1_ASM1304688v1_genomic.fna	Guangzhou-SAU071
GCA_013187685.1_ASM1318768v1_genomic.fna	Smith
GCF_013187685.1_ASM1318768v1_genomic.fna	Smith
GCA_013305885.1_ASM1330588v1_genomic.fna	14638
GCF_013305885.1_ASM1330588v1_genomic.fna	14638
GCA_013305905.1_ASM1330590v1_genomic.fna	14640
GCF_013305905.1_ASM1330590v1_genomic.fna	14640
GCA_013305955.1_ASM1330595v1_genomic.fna	14505
GCF_013305955.1_ASM1330595v1_genomic.fna	14505
GCA_013307005.1_ASM1330700v1_genomic.fna	16405
GCF_013307005.1_ASM1330700v1_genomic.fna	16405
GCA_013307025.1_ASM1330702v1_genomic.fna	14507
GCF_013307025.1_ASM1330702v1_genomic.fna	14507
GCA_013307065.1_ASM1330706v1_genomic.fna	14732
GCF_013307065.1_ASM1330706v1_genomic.fna	14732
GCA_013307085.1_ASM1330708v1_genomic.fna	MJ015
GCF_013307085.1_ASM1330708v1_genomic.fna	MJ015
GCA_013363895.1_ASM1336389v1_genomic.fna	Dresden-275757
GCF_013363895.1_ASM1336389v1_genomic.fna	Dresden-275757
GCA_013389715.1_ASM1338971v1_genomic.fna	BLR-DV
GCF_013389715.1_ASM1338971v1_genomic.fna	BLR-DV
GCA_013394425.1_ASM1339442v1_genomic.fna	TPS3156
GCF_013394425.1_ASM1339442v1_genomic.fna	TPS3156
GCA_013415955.1_ASM1341595v1_genomic.fna	08-028
GCF_013415955.1_ASM1341595v1_genomic.fna	08-028
GCA_013467165.1_ASM1346716v1_genomic.fna	WKZ-1
GCF_013467165.1_ASM1346716v1_genomic.fna	WKZ-1
GCA_013467405.1_ASM1346740v1_genomic.fna	WKZ-2
GCF_013467405.1_ASM1346740v1_genomic.fna	WKZ-2
GCA_013836525.1_ASM1383652v1_genomic.fna	110900
GCF_013836525.1_ASM1383652v1_genomic.fna	110900
GCA_013836745.1_ASM1383674v1_genomic.fna	128254
GCF_013836745.1_ASM1383674v1_genomic.fna	128254
GCA_014725515.1_ASM1472551v1_genomic.fna	pt301
GCA_014725535.1_ASM1472553v1_genomic.fna	pt300
GCA_014725555.1_ASM1472555v1_genomic.fna	pt299
GCA_014725575.1_ASM1472557v1_genomic.fna	pt298
GCA_014725595.1_ASM1472559v1_genomic.fna	pt296
GCA_014725615.1_ASM1472561v1_genomic.fna	pt297
GCA_014725635.1_ASM1472563v1_genomic.fna	pt294
GCA_014725655.1_ASM1472565v1_genomic.fna	pt293
GCA_014725675.1_ASM1472567v1_genomic.fna	pt291
GCA_014725935.1_ASM1472593v1_genomic.fna	pt290
GCA_014725955.1_ASM1472595v1_genomic.fna	pt289
GCA_014725975.1_ASM1472597v1_genomic.fna	pt288
GCA_014725995.1_ASM1472599v1_genomic.fna	pt287
GCA_014726015.1_ASM1472601v1_genomic.fna	pt286
GCA_014726035.1_ASM1472603v1_genomic.fna	pt285
GCA_014726055.1_ASM1472605v1_genomic.fna	pt282
GCA_014726075.1_ASM1472607v1_genomic.fna	pt281
GCA_014726095.1_ASM1472609v1_genomic.fna	pt280
GCA_014726115.1_ASM1472611v1_genomic.fna	pt279
GCA_014726135.1_ASM1472613v1_genomic.fna	pt277
GCA_014726155.1_ASM1472615v1_genomic.fna	pt276
GCA_014726175.1_ASM1472617v1_genomic.fna	pt275
GCA_014726195.1_ASM1472619v1_genomic.fna	pt273
GCA_014726215.1_ASM1472621v1_genomic.fna	pt272
GCA_014726235.1_ASM1472623v1_genomic.fna	pt271
GCA_014726255.1_ASM1472625v1_genomic.fna	pt270
GCA_014726275.1_ASM1472627v1_genomic.fna	pt269
GCA_014726295.1_ASM1472629v1_genomic.fna	pt268
GCA_014726315.1_ASM1472631v1_genomic.fna	pt265
GCA_014726335.1_ASM1472633v1_genomic.fna	pt263
GCA_014726355.1_ASM1472635v1_genomic.fna	pt262
GCA_014726375.1_ASM1472637v1_genomic.fna	pt261
GCA_014726395.1_ASM1472639v1_genomic.fna	pt260
GCA_014726415.1_ASM1472641v1_genomic.fna	pt259
GCA_014726435.1_ASM1472643v1_genomic.fna	pt258
GCA_014726455.1_ASM1472645v1_genomic.fna	pt257
GCA_014726475.1_ASM1472647v1_genomic.fna	pt256
GCA_014726495.1_ASM1472649v1_genomic.fna	pt255
GCA_014726515.1_ASM1472651v1_genomic.fna	pt254
GCA_014726535.1_ASM1472653v1_genomic.fna	pt253
GCA_014726555.1_ASM1472655v1_genomic.fna	pt252
GCA_014726575.1_ASM1472657v1_genomic.fna	pt251
GCA_014726595.1_ASM1472659v1_genomic.fna	pt250
GCA_014726615.1_ASM1472661v1_genomic.fna	pt249
GCA_014726635.1_ASM1472663v1_genomic.fna	pt248
GCA_014726655.1_ASM1472665v1_genomic.fna	pt247
GCA_014726675.1_ASM1472667v1_genomic.fna	pt246
GCA_014726695.1_ASM1472669v1_genomic.fna	pt245
GCA_014726715.1_ASM1472671v1_genomic.fna	pt244
GCA_014726735.1_ASM1472673v1_genomic.fna	pt242
GCA_014726775.1_ASM1472677v1_genomic.fna	pt241
GCA_014726805.1_ASM1472680v1_genomic.fna	pt240
GCA_014726825.1_ASM1472682v1_genomic.fna	pt239
GCA_014726845.1_ASM1472684v1_genomic.fna	pt238
GCA_014726875.1_ASM1472687v1_genomic.fna	pt237
GCA_014726895.1_ASM1472689v1_genomic.fna	pt236
GCA_014726915.1_ASM1472691v1_genomic.fna	pt235
GCA_014726935.1_ASM1472693v1_genomic.fna	pt234
GCA_014726955.1_ASM1472695v1_genomic.fna	pt233
GCA_014726975.1_ASM1472697v1_genomic.fna	pt231
GCA_014726995.1_ASM1472699v1_genomic.fna	pt230
GCA_014727015.1_ASM1472701v1_genomic.fna	pt229
GCA_014727035.1_ASM1472703v1_genomic.fna	pt228
GCA_014727055.1_ASM1472705v1_genomic.fna	pt227
GCA_014727075.1_ASM1472707v1_genomic.fna	pt226
GCA_014727095.1_ASM1472709v1_genomic.fna	pt225
GCA_014727115.1_ASM1472711v1_genomic.fna	pt224
GCA_014727135.1_ASM1472713v1_genomic.fna	pt223
GCA_014727155.1_ASM1472715v1_genomic.fna	pt222
GCA_014727175.1_ASM1472717v1_genomic.fna	pt221
GCA_014727195.1_ASM1472719v1_genomic.fna	pt220
GCA_014727235.1_ASM1472723v1_genomic.fna	pt219
GCA_014727255.1_ASM1472725v1_genomic.fna	pt218
GCA_014727275.1_ASM1472727v1_genomic.fna	pt216
GCA_014727295.1_ASM1472729v1_genomic.fna	pt215
GCA_014727315.1_ASM1472731v1_genomic.fna	pt213
GCA_014727335.1_ASM1472733v1_genomic.fna	pt212
GCA_014727355.1_ASM1472735v1_genomic.fna	pt211
GCA_014727375.1_ASM1472737v1_genomic.fna	pt210
GCA_014727395.1_ASM1472739v1_genomic.fna	pt209
GCA_014727415.1_ASM1472741v1_genomic.fna	pt208
GCA_014727435.1_ASM1472743v1_genomic.fna	pt207
GCA_014727455.1_ASM1472745v1_genomic.fna	pt205
GCA_014727475.1_ASM1472747v1_genomic.fna	pt204
GCA_014727495.1_ASM1472749v1_genomic.fna	pt203
GCA_014727515.1_ASM1472751v1_genomic.fna	pt202
GCA_014727535.1_ASM1472753v1_genomic.fna	pt196
GCA_014727555.1_ASM1472755v1_genomic.fna	pt195
GCA_014727575.1_ASM1472757v1_genomic.fna	pt194
GCA_014727595.1_ASM1472759v1_genomic.fna	pt193
GCA_014727615.1_ASM1472761v1_genomic.fna	pt192
GCA_014727635.1_ASM1472763v1_genomic.fna	pt191
GCA_014727655.1_ASM1472765v1_genomic.fna	pt189
GCA_014727675.1_ASM1472767v1_genomic.fna	pt187
GCA_014727695.1_ASM1472769v1_genomic.fna	pt184
GCA_014727715.1_ASM1472771v1_genomic.fna	pt183
GCA_014727735.1_ASM1472773v1_genomic.fna	pt181
GCA_014727755.1_ASM1472775v1_genomic.fna	pt180
GCA_014727775.1_ASM1472777v1_genomic.fna	pt179
GCA_014727795.1_ASM1472779v1_genomic.fna	pt178
GCA_014728255.1_ASM1472825v1_genomic.fna	pt177
GCA_014728415.1_ASM1472841v1_genomic.fna	pt176
GCA_014728585.1_ASM1472858v1_genomic.fna	pt175
GCA_014728725.1_ASM1472872v1_genomic.fna	pt174
GCA_014728925.1_ASM1472892v1_genomic.fna	pt173
GCA_014729065.1_ASM1472906v1_genomic.fna	pt172
GCA_014729215.1_ASM1472921v1_genomic.fna	pt171
GCA_014729385.1_ASM1472938v1_genomic.fna	pt169
GCA_014729535.1_ASM1472953v1_genomic.fna	pt232
GCA_014729655.1_ASM1472965v1_genomic.fna	pt214
GCA_014729855.1_ASM1472985v1_genomic.fna	pt206
GCA_014730015.1_ASM1473001v1_genomic.fna	pt185
GCA_014730155.1_ASM1473015v1_genomic.fna	pt186
GCA_014730335.1_ASM1473033v1_genomic.fna	pt170
GCA_014730395.1_ASM1473039v1_genomic.fna	PS00099.3
GCA_014730415.1_ASM1473041v1_genomic.fna	ER11789.3
GCA_014730435.1_ASM1473043v1_genomic.fna	ER11761.3
GCA_014730455.1_ASM1473045v1_genomic.fna	ER11544.3
GCA_014730475.1_ASM1473047v1_genomic.fna	ER11558.3
GCA_014730495.1_ASM1473049v1_genomic.fna	ER11501.3
GCA_014730515.1_ASM1473051v1_genomic.fna	ER11450.3
GCA_014730535.1_ASM1473053v1_genomic.fna	ER11327.3
GCA_014730555.1_ASM1473055v1_genomic.fna	ER11236.3
GCA_014730575.1_ASM1473057v1_genomic.fna	ER11188.3
GCA_014730595.1_ASM1473059v1_genomic.fna	ER11063.3
GCA_014730615.1_ASM1473061v1_genomic.fna	ER10920.3
GCA_014730635.1_ASM1473063v1_genomic.fna	ER11011.3
GCA_014730655.1_ASM1473065v1_genomic.fna	ER10871.3
GCA_014730675.1_ASM1473067v1_genomic.fna	ER10823.3
GCA_014730695.1_ASM1473069v1_genomic.fna	ER10741.3
GCA_014730715.1_ASM1473071v1_genomic.fna	ER10738.3
GCA_014730735.1_ASM1473073v1_genomic.fna	ER10698.3
GCA_014730775.1_ASM1473077v1_genomic.fna	ER10667.3
GCA_014730795.1_ASM1473079v1_genomic.fna	ER10678.3
GCA_014730815.1_ASM1473081v1_genomic.fna	ER10617.3
GCA_014730835.1_ASM1473083v1_genomic.fna	ER10638.3
GCA_014730855.1_ASM1473085v1_genomic.fna	ER10610.3
GCA_014730885.1_ASM1473088v1_genomic.fna	ER10440.3
GCA_014730905.1_ASM1473090v1_genomic.fna	ER10312.3
GCA_014730925.1_ASM1473092v1_genomic.fna	ER10292.3
GCA_014730945.1_ASM1473094v1_genomic.fna	ER10269.3
GCA_014730965.1_ASM1473096v1_genomic.fna	ER10234.3
GCA_014730985.1_ASM1473098v1_genomic.fna	ER10193.3
GCA_014731005.1_ASM1473100v1_genomic.fna	ER10115.3
GCA_014731025.1_ASM1473102v1_genomic.fna	ER10158.3
GCA_014731045.1_ASM1473104v1_genomic.fna	ER10066.3
GCA_014731065.1_ASM1473106v1_genomic.fna	ER09994.3
GCA_014731085.1_ASM1473108v1_genomic.fna	ER09971.3
GCA_014731105.1_ASM1473110v1_genomic.fna	ER09970.3
GCA_014731125.1_ASM1473112v1_genomic.fna	ER09911.3
GCA_014731145.1_ASM1473114v1_genomic.fna	ER09835.3
GCA_014731165.1_ASM1473116v1_genomic.fna	ER09772.3
GCA_014731185.1_ASM1473118v1_genomic.fna	ER09761.3
GCA_014731205.1_ASM1473120v1_genomic.fna	ER09706.3
GCA_014731235.1_ASM1473123v1_genomic.fna	ER09690.3
GCA_014731355.1_ASM1473135v1_genomic.fna	ER09654.3
GCA_014731415.1_ASM1473141v1_genomic.fna	ER09615.3
GCA_014731435.1_ASM1473143v1_genomic.fna	ER09494.3
GCA_014731455.1_ASM1473145v1_genomic.fna	ER09515.3
GCA_014731475.1_ASM1473147v1_genomic.fna	ER09453.3
GCA_014731495.1_ASM1473149v1_genomic.fna	ER09403.3
GCA_014731515.1_ASM1473151v1_genomic.fna	ER09362.3
GCA_014731535.1_ASM1473153v1_genomic.fna	ER09275.3
GCA_014731555.1_ASM1473155v1_genomic.fna	ER09245.3
GCA_014731655.1_ASM1473165v1_genomic.fna	ER09228.3
GCA_014731695.1_ASM1473169v1_genomic.fna	ER09164.3
GCA_014731715.1_ASM1473171v1_genomic.fna	ER09158.3
GCA_014731735.1_ASM1473173v1_genomic.fna	ER09113.3
GCA_014731755.1_ASM1473175v1_genomic.fna	ER09001.3
GCA_014731775.1_ASM1473177v1_genomic.fna	ER08597.3
GCA_014731815.1_ASM1473181v1_genomic.fna	ER08181.3
GCA_014731835.1_ASM1473183v1_genomic.fna	ER07791.3
GCA_014731855.1_ASM1473185v1_genomic.fna	ER07191.3
GCA_014731875.1_ASM1473187v1_genomic.fna	ER07131.3
GCA_014731895.1_ASM1473189v1_genomic.fna	ER06977.3
GCA_014731915.1_ASM1473191v1_genomic.fna	ER06690.3
GCA_014731935.1_ASM1473193v1_genomic.fna	ER06503.3
GCA_014731955.1_ASM1473195v1_genomic.fna	ER06206.3
GCA_014731975.1_ASM1473197v1_genomic.fna	ER05797.3
GCA_014731995.1_ASM1473199v1_genomic.fna	ER05686.3
GCA_014732015.1_ASM1473201v1_genomic.fna	ER05682.3
GCA_014732035.1_ASM1473203v1_genomic.fna	ER05532.3
GCA_014732055.1_ASM1473205v1_genomic.fna	ER05322.3
GCA_014732075.1_ASM1473207v1_genomic.fna	ER04648.3
GCA_014794145.1_ASM1479414v1_genomic.fna	pt217
GCA_015219885.1_ASM1521988v1_genomic.fna	MRSA - AMRF 4
GCF_015219885.1_ASM1521988v1_genomic.fna	MRSA - AMRF 4
GCA_015219905.1_ASM1521990v1_genomic.fna	MRSA - AMRF 5
GCF_015219905.1_ASM1521990v1_genomic.fna	MRSA - AMRF 5
GCA_015219925.1_ASM1521992v1_genomic.fna	MRSA - AMRF 6
GCF_015219925.1_ASM1521992v1_genomic.fna	MRSA - AMRF 6
GCA_015220695.1_ASM1522069v1_genomic.fna	MRSA - AMRF 3
GCF_015220695.1_ASM1522069v1_genomic.fna	MRSA - AMRF 3
GCA_015244035.1_ASM1524403v1_genomic.fna	WH52
GCF_015244035.1_ASM1524403v1_genomic.fna	WH52
GCA_015732455.1_ASM1573245v1_genomic.fna	MSSA01
GCF_015732455.1_ASM1573245v1_genomic.fna	MSSA01
GCA_015767475.1_ASM1576747v1_genomic.fna	DG36
GCF_015767475.1_ASM1576747v1_genomic.fna	DG36
GCA_015767495.1_ASM1576749v1_genomic.fna	GDC6P096P
GCF_015767495.1_ASM1576749v1_genomic.fna	GDC6P096P
GCA_015774815.1_ASM1577481v1_genomic.fna	AR39_O1_merpol
GCF_015774815.1_ASM1577481v1_genomic.fna	AR39_O1_merpol
GCA_015774835.1_ASM1577483v1_genomic.fna	JW31330_O1_dhc
GCF_015774835.1_ASM1577483v1_genomic.fna	JW31330_O1_dhc
GCA_015774855.1_ASM1577485v1_genomic.fna	JW_comp_novo
GCF_015774855.1_ASM1577485v1_genomic.fna	JW_comp_novo
GCA_015999445.1_ASM1599944v1_genomic.fna	GDY8P96A
GCF_015999445.1_ASM1599944v1_genomic.fna	GDY8P96A
GCA_016065215.1_ASM1606521v1_genomic.fna	CC1153-MRSA
GCF_016065215.1_ASM1606521v1_genomic.fna	CC1153-MRSA
GCA_016413705.1_ASM1641370v1_genomic.fna	ncr_155_F133
GCF_016413705.1_ASM1641370v1_genomic.fna	ncr_155_F133
GCA_016413725.1_ASM1641372v1_genomic.fna	nan_175_F371_ch
GCF_016413725.1_ASM1641372v1_genomic.fna	nan_175_F371_ch
GCA_016415205.2_ASM1641520v2_genomic.fna	30366_IOW744N4
GCA_016496025.1_ASM1649602v1_genomic.fna	WH39
GCF_016496025.1_ASM1649602v1_genomic.fna	WH39
GCA_016591995.1_ASM1659199v1_genomic.fna	834
GCF_016591995.1_ASM1659199v1_genomic.fna	834
GCA_016727585.1_ASM1672758v1_genomic.fna	FDAARGOS_1086
GCF_016727585.1_ASM1672758v1_genomic.fna	FDAARGOS_1086
GCA_016889145.1_ASM1688914v1_genomic.fna	FDAARGOS_1246
GCF_016889145.1_ASM1688914v1_genomic.fna	FDAARGOS_1246
GCA_016889945.1_ASM1688994v1_genomic.fna	FDAARGOS_1245
GCF_016889945.1_ASM1688994v1_genomic.fna	FDAARGOS_1245
GCA_016894285.1_ASM1689428v1_genomic.fna	014S_SA
GCF_016894285.1_ASM1689428v1_genomic.fna	014S_SA
GCA_017088305.1_ASM1708830v1_genomic.fna	WBG8287
GCF_017088305.1_ASM1708830v1_genomic.fna	WBG8287
GCA_017088385.1_ASM1708838v1_genomic.fna	WBG8366
GCF_017088385.1_ASM1708838v1_genomic.fna	WBG8366
GCA_017161095.1_ASM1716109v1_genomic.fna	MEI001
GCF_017161095.1_ASM1716109v1_genomic.fna	MEI001
GCA_017798245.1_ASM1779824v1_genomic.fna	KZN
GCF_017798245.1_ASM1779824v1_genomic.fna	KZN
GCA_018075265.1_ASM1807526v1_genomic.fna	SA14+
GCF_018075265.1_ASM1807526v1_genomic.fna	SA14+
GCA_018093065.1_ASM1809306v1_genomic.fna	CBS2016-05
GCF_018093065.1_ASM1809306v1_genomic.fna	CBS2016-05
GCA_018093105.1_ASM1809310v1_genomic.fna	PS/BAC/169/17/W
GCF_018093105.1_ASM1809310v1_genomic.fna	PS/BAC/169/17/W
GCA_018093205.1_ASM1809320v1_genomic.fna	CI/BAC/25/13/W
GCF_018093205.1_ASM1809320v1_genomic.fna	CI/BAC/25/13/W
GCA_018093225.1_ASM1809322v1_genomic.fna	PS/BAC/317/16/W
GCF_018093225.1_ASM1809322v1_genomic.fna	PS/BAC/317/16/W
GCA_018135565.1_ASM1813556v1_genomic.fna	17Gst354
GCF_018135565.1_ASM1813556v1_genomic.fna	17Gst354
GCA_018141385.1_ASM1814138v1_genomic.fna	19/Msa0875
GCF_018141385.1_ASM1814138v1_genomic.fna	19/Msa0875
GCA_018336515.1_ASM1833651v1_genomic.fna	SR231
GCF_018336515.1_ASM1833651v1_genomic.fna	SR231
GCA_018336535.1_ASM1833653v1_genomic.fna	SR130
GCF_018336535.1_ASM1833653v1_genomic.fna	SR130
GCA_018399115.1_ASM1839911v1_genomic.fna	PNID0137
GCF_018399115.1_ASM1839911v1_genomic.fna	PNID0137
GCA_018968725.1_ASM1896872v1_genomic.fna	SG511 Berlin
GCF_018968725.1_ASM1896872v1_genomic.fna	SG511 Berlin
GCA_018987325.1_ASM1898732v1_genomic.fna	55-100-016
GCF_018987325.1_ASM1898732v1_genomic.fna	55-100-016
GCA_018987345.1_ASM1898734v1_genomic.fna	55-100-003
GCF_018987345.1_ASM1898734v1_genomic.fna	55-100-003
GCA_018987365.1_ASM1898736v1_genomic.fna	ST59
GCF_018987365.1_ASM1898736v1_genomic.fna	ST59
GCA_019134615.1_ASM1913461v1_genomic.fna	WHC09
GCF_019134615.1_ASM1913461v1_genomic.fna	WHC09
GCA_019134635.1_ASM1913463v1_genomic.fna	WHC07
GCF_019134635.1_ASM1913463v1_genomic.fna	WHC07
GCA_019334585.1_ASM1933458v1_genomic.fna	V8
GCF_019334585.1_ASM1933458v1_genomic.fna	V8
GCA_019550875.1_ASM1955087v1_genomic.fna	HL18840
GCF_019550875.1_ASM1955087v1_genomic.fna	HL18840
GCA_019550945.1_ASM1955094v1_genomic.fna	HL17064
GCF_019550945.1_ASM1955094v1_genomic.fna	HL17064
GCA_019551035.1_ASM1955103v1_genomic.fna	HL18883
GCF_019551035.1_ASM1955103v1_genomic.fna	HL18883
GCA_019551095.1_ASM1955109v1_genomic.fna	HL21008
GCF_019551095.1_ASM1955109v1_genomic.fna	HL21008
GCA_019551175.1_ASM1955117v1_genomic.fna	HL17078
GCF_019551175.1_ASM1955117v1_genomic.fna	HL17078
GCA_019551235.1_ASM1955123v1_genomic.fna	HL18380
GCF_019551235.1_ASM1955123v1_genomic.fna	HL18380
GCA_019551315.1_ASM1955131v1_genomic.fna	HL18807
GCF_019551315.1_ASM1955131v1_genomic.fna	HL18807
GCA_019551355.1_ASM1955135v1_genomic.fna	HL16278
GCF_019551355.1_ASM1955135v1_genomic.fna	HL16278
GCA_019551375.1_ASM1955137v1_genomic.fna	HL18888
GCF_019551375.1_ASM1955137v1_genomic.fna	HL18888
GCA_019603375.1_ASM1960337v1_genomic.fna	HL23187
GCF_019603375.1_ASM1960337v1_genomic.fna	HL23187
GCA_019653615.1_ASM1965361v1_genomic.fna	RGB-095930
GCF_019653615.1_ASM1965361v1_genomic.fna	RGB-095930
GCA_019669165.1_ASM1966916v1_genomic.fna	THI2018-120
GCF_019669165.1_ASM1966916v1_genomic.fna	THI2018-120
GCA_019669245.1_ASM1966924v1_genomic.fna	N1195
GCF_019669245.1_ASM1966924v1_genomic.fna	N1195
GCA_019669345.1_ASM1966934v1_genomic.fna	BDH17
GCF_019669345.1_ASM1966934v1_genomic.fna	BDH17
GCA_019669385.1_ASM1966938v1_genomic.fna	S36
GCF_019669385.1_ASM1966938v1_genomic.fna	S36
GCA_019738975.1_ASM1973897v1_genomic.fna	SQL1
GCF_019738975.1_ASM1973897v1_genomic.fna	SQL1
GCA_019915405.1_ASM1991540v1_genomic.fna	SCAID OTT1-2021 (597/2)
GCF_019915405.1_ASM1991540v1_genomic.fna	SCAID OTT1-2021 (597/2)
GCA_019915425.1_ASM1991542v1_genomic.fna	SCAID WND1-2021 (598)
GCF_019915425.1_ASM1991542v1_genomic.fna	SCAID WND1-2021 (598)
GCA_019915585.1_ASM1991558v1_genomic.fna	HL24830
GCF_019915585.1_ASM1991558v1_genomic.fna	HL24830
GCA_020003145.1_ASM2000314v1_genomic.fna	UMCG578
GCF_020003145.1_ASM2000314v1_genomic.fna	UMCG578
GCA_020003165.1_ASM2000316v1_genomic.fna	NL1
GCF_020003165.1_ASM2000316v1_genomic.fna	NL1
GCA_020023695.1_ASM2002369v1_genomic.fna	ER15889.5A
GCA_020023715.1_ASM2002371v1_genomic.fna	ER15889.3A
GCA_020025335.1_ASM2002533v1_genomic.fna	ER15890.8A
GCA_020025495.1_ASM2002549v1_genomic.fna	ER15890.6A
GCA_020025645.1_ASM2002564v1_genomic.fna	ER15890.5A
GCA_020025805.1_ASM2002580v1_genomic.fna	ER15890.4A
GCA_020025995.1_ASM2002599v1_genomic.fna	ER15890.3A
GCA_020026135.1_ASM2002613v1_genomic.fna	ER15889.6A
GCA_020034535.1_ASM2003453v1_genomic.fna	HL25274
GCF_020034535.1_ASM2003453v1_genomic.fna	HL25274
GCA_020042725.1_ASM2004272v1_genomic.fna	DC.RB_015
GCF_020042725.1_ASM2004272v1_genomic.fna	DC.RB_015
GCA_020097755.1_ASM2009775v1_genomic.fna	HL25870
GCF_020097755.1_ASM2009775v1_genomic.fna	HL25870
GCA_020150575.1_ASM2015057v1_genomic.fna	pt153
GCA_020386595.1_ASM2038659v1_genomic.fna	N6
GCF_020386595.1_ASM2038659v1_genomic.fna	N6
GCA_020388075.1_ASM2038807v1_genomic.fna	N5
GCF_020388075.1_ASM2038807v1_genomic.fna	N5
GCA_020388095.1_ASM2038809v1_genomic.fna	N4
GCF_020388095.1_ASM2038809v1_genomic.fna	N4
GCA_020388115.1_ASM2038811v1_genomic.fna	L6
GCF_020388115.1_ASM2038811v1_genomic.fna	L6
GCA_020388135.1_ASM2038813v1_genomic.fna	L5
GCF_020388135.1_ASM2038813v1_genomic.fna	L5
GCA_020388155.1_ASM2038815v1_genomic.fna	L4
GCF_020388155.1_ASM2038815v1_genomic.fna	L4
GCA_020388175.1_ASM2038817v1_genomic.fna	AC6
GCF_020388175.1_ASM2038817v1_genomic.fna	AC6
GCA_020388195.1_ASM2038819v1_genomic.fna	AC5
GCF_020388195.1_ASM2038819v1_genomic.fna	AC5
GCA_020388215.1_ASM2038821v1_genomic.fna	AC4
GCF_020388215.1_ASM2038821v1_genomic.fna	AC4
GCA_020388235.1_ASM2038823v1_genomic.fna	372
GCF_020388235.1_ASM2038823v1_genomic.fna	372
GCA_020388255.1_ASM2038825v1_genomic.fna	371
GCF_020388255.1_ASM2038825v1_genomic.fna	371
GCA_020388275.1_ASM2038827v1_genomic.fna	370
GCF_020388275.1_ASM2038827v1_genomic.fna	370
GCA_020388295.1_ASM2038829v1_genomic.fna	367
GCF_020388295.1_ASM2038829v1_genomic.fna	367
GCA_020388315.1_ASM2038831v1_genomic.fna	366
GCF_020388315.1_ASM2038831v1_genomic.fna	366
GCA_020388335.1_ASM2038833v1_genomic.fna	365
GCF_020388335.1_ASM2038833v1_genomic.fna	365
GCA_020388355.1_ASM2038835v1_genomic.fna	360
GCF_020388355.1_ASM2038835v1_genomic.fna	360
GCA_020388395.1_ASM2038839v1_genomic.fna	359
GCF_020388395.1_ASM2038839v1_genomic.fna	359
GCA_020388555.1_ASM2038855v1_genomic.fna	358
GCF_020388555.1_ASM2038855v1_genomic.fna	358
GCA_020388655.1_ASM2038865v1_genomic.fna	357
GCF_020388655.1_ASM2038865v1_genomic.fna	357
GCA_020388675.1_ASM2038867v1_genomic.fna	356
GCF_020388675.1_ASM2038867v1_genomic.fna	356
GCA_020388695.1_ASM2038869v1_genomic.fna	355
GCF_020388695.1_ASM2038869v1_genomic.fna	355
GCA_020388715.1_ASM2038871v1_genomic.fna	334
GCF_020388715.1_ASM2038871v1_genomic.fna	334
GCA_020388735.1_ASM2038873v1_genomic.fna	333
GCF_020388735.1_ASM2038873v1_genomic.fna	333
GCA_020388765.1_ASM2038876v1_genomic.fna	332
GCF_020388765.1_ASM2038876v1_genomic.fna	332
GCA_020388785.1_ASM2038878v1_genomic.fna	329
GCF_020388785.1_ASM2038878v1_genomic.fna	329
GCA_020388805.1_ASM2038880v1_genomic.fna	328
GCF_020388805.1_ASM2038880v1_genomic.fna	328
GCA_020388825.1_ASM2038882v1_genomic.fna	327
GCF_020388825.1_ASM2038882v1_genomic.fna	327
GCA_020388845.1_ASM2038884v1_genomic.fna	324
GCF_020388845.1_ASM2038884v1_genomic.fna	324
GCA_020388885.1_ASM2038888v1_genomic.fna	322
GCF_020388885.1_ASM2038888v1_genomic.fna	322
GCA_020388905.1_ASM2038890v1_genomic.fna	319
GCF_020388905.1_ASM2038890v1_genomic.fna	319
GCA_020388925.1_ASM2038892v1_genomic.fna	318
GCF_020388925.1_ASM2038892v1_genomic.fna	318
GCA_020388965.1_ASM2038896v1_genomic.fna	282
GCF_020388965.1_ASM2038896v1_genomic.fna	282
GCA_020388985.1_ASM2038898v1_genomic.fna	281
GCF_020388985.1_ASM2038898v1_genomic.fna	281
GCA_020389005.1_ASM2038900v1_genomic.fna	280
GCF_020389005.1_ASM2038900v1_genomic.fna	280
GCA_020389025.1_ASM2038902v1_genomic.fna	278
GCF_020389025.1_ASM2038902v1_genomic.fna	278
GCA_020389265.1_ASM2038926v1_genomic.fna	276
GCF_020389265.1_ASM2038926v1_genomic.fna	276
GCA_020389325.1_ASM2038932v1_genomic.fna	202
GCF_020389325.1_ASM2038932v1_genomic.fna	202
GCA_020389425.1_ASM2038942v1_genomic.fna	201
GCF_020389425.1_ASM2038942v1_genomic.fna	201
GCA_020389445.1_ASM2038944v1_genomic.fna	200
GCF_020389445.1_ASM2038944v1_genomic.fna	200
GCA_020389485.1_ASM2038948v1_genomic.fna	198
GCF_020389485.1_ASM2038948v1_genomic.fna	198
GCA_020389505.1_ASM2038950v1_genomic.fna	197
GCF_020389505.1_ASM2038950v1_genomic.fna	197
GCA_020389525.1_ASM2038952v1_genomic.fna	196
GCF_020389525.1_ASM2038952v1_genomic.fna	196
GCA_020389545.1_ASM2038954v1_genomic.fna	195
GCF_020389545.1_ASM2038954v1_genomic.fna	195
GCA_020389565.1_ASM2038956v1_genomic.fna	194
GCF_020389565.1_ASM2038956v1_genomic.fna	194
GCA_020526105.1_ASM2052610v1_genomic.fna	GS426
GCF_020526105.1_ASM2052610v1_genomic.fna	GS426
GCA_020881895.1_ASM2088189v1_genomic.fna	2012-3
GCF_020881895.1_ASM2088189v1_genomic.fna	2012-3
GCA_020886635.1_ASM2088663v1_genomic.fna	SA23-1
GCF_020886635.1_ASM2088663v1_genomic.fna	SA23-1
GCA_020887155.1_ASM2088715v1_genomic.fna	TPS5614
GCF_020887155.1_ASM2088715v1_genomic.fna	TPS5614
GCA_020887215.1_ASM2088721v1_genomic.fna	TPS6281
GCF_020887215.1_ASM2088721v1_genomic.fna	TPS6281
GCA_020889645.1_ASM2088964v1_genomic.fna	CC49/ST49-MSSA
GCF_020889645.1_ASM2088964v1_genomic.fna	CC49/ST49-MSSA
GCA_020889665.1_ASM2088966v1_genomic.fna	CC1956/ST4614-MSSA
GCF_020889665.1_ASM2088966v1_genomic.fna	CC1956/ST4614-MSSA
GCA_020985245.1_ASM2098524v1_genomic.fna	Newman NM-CQ
GCF_020985245.1_ASM2098524v1_genomic.fna	Newman NM-CQ
GCA_020997475.1_ASM2099747v1_genomic.fna	CR15-071
GCA_020997495.1_ASM2099749v1_genomic.fna	CR14-055
GCA_020997515.1_ASM2099751v1_genomic.fna	CR14-016
GCA_021172825.1_ASM2117282v1_genomic.fna	UNC_SaCF35
GCF_021172825.1_ASM2117282v1_genomic.fna	UNC_SaCF35
GCA_021172845.1_ASM2117284v1_genomic.fna	UNC_SaCF36
GCF_021172845.1_ASM2117284v1_genomic.fna	UNC_SaCF36
GCA_021172865.1_ASM2117286v1_genomic.fna	UNC_SaCF30
GCF_021172865.1_ASM2117286v1_genomic.fna	UNC_SaCF30
GCA_021172885.1_ASM2117288v1_genomic.fna	UNC_SaCF18
GCF_021172885.1_ASM2117288v1_genomic.fna	UNC_SaCF18
GCA_021172905.1_ASM2117290v1_genomic.fna	UNC_SaCF13
GCF_021172905.1_ASM2117290v1_genomic.fna	UNC_SaCF13
GCA_021172925.1_ASM2117292v1_genomic.fna	UNC_SaCF11
GCF_021172925.1_ASM2117292v1_genomic.fna	UNC_SaCF11
GCA_021172945.1_ASM2117294v1_genomic.fna	UNC_SaCF07
GCF_021172945.1_ASM2117294v1_genomic.fna	UNC_SaCF07
GCA_021249285.1_ASM2124928v1_genomic.fna	E1185_IV_ST12
GCF_021249285.1_ASM2124928v1_genomic.fna	E1185_IV_ST12
GCA_021390135.1_ASM2139013v1_genomic.fna	RN6390
GCA_900004855.1_BB155_genomic.fna	BB155
GCF_900004855.1_BB155_genomic.fna	BB155
GCA_900017775.1_NZAK3_genomic.fna	NZAK3
GCF_900017775.1_NZAK3_genomic.fna	NZAK3
GCA_900096745.1_AUS0325_genomic.fna	AUS0325
GCF_900096745.1_AUS0325_genomic.fna	AUS0325
GCA_900474525.1_40677_F01_genomic.fna	NCTC13394
GCF_900474525.1_40677_F01_genomic.fna	NCTC13394
GCA_900474535.1_40853_C01_genomic.fna	NCTC7485
GCF_900474535.1_40853_C01_genomic.fna	NCTC7485
GCA_900474555.1_40657_E01_genomic.fna	NCTC13137
GCF_900474555.1_40657_E01_genomic.fna	NCTC13137
GCA_900474565.1_41315_B01_genomic.fna	NCTC8726
GCF_900474565.1_41315_B01_genomic.fna	NCTC8726
GCA_900474575.1_40415_F02_genomic.fna	NCTC9944
GCF_900474575.1_40415_F02_genomic.fna	NCTC9944
GCA_900474665.1_41236_D02_genomic.fna	NCTC9752
GCF_900474665.1_41236_D02_genomic.fna	NCTC9752
GCA_900474675.1_40961_F01_genomic.fna	NCTC3761
GCF_900474675.1_40961_F01_genomic.fna	NCTC3761
GCA_900474695.1_41004_B01_genomic.fna	NCTC5663
GCF_900474695.1_41004_B01_genomic.fna	NCTC5663
GCA_900474715.1_41004_D01_genomic.fna	NCTC6136
GCF_900474715.1_41004_D01_genomic.fna	NCTC6136
GCA_900474725.1_40677_A01_genomic.fna	NCTC13140
GCF_900474725.1_40677_A01_genomic.fna	NCTC13140
GCA_900474735.1_40871_F01_genomic.fna	NCTC13395
GCF_900474735.1_40871_F01_genomic.fna	NCTC13395
GCA_900474755.1_41236_E02_genomic.fna	NCTC10344
GCF_900474755.1_41236_E02_genomic.fna	NCTC10344
GCA_900475055.1_42197_E02_genomic.fna	NCTC11940
GCF_900475055.1_42197_E02_genomic.fna	NCTC11940
GCA_900475245.1_43024_E01_genomic.fna	NCTC8325
GCF_900475245.1_43024_E01_genomic.fna	NCTC8325
GCA_900478245.1_35910_A02_genomic.fna	NCTC13277
GCF_900478245.1_35910_A02_genomic.fna	NCTC13277
GCA_900607245.1_JKD6009_genomic.fna	JKD6009
GCF_900607245.1_JKD6009_genomic.fna	JKD6009
GCA_900607255.1_BPH2019_genomic.fna	BPH2019
GCF_900607255.1_BPH2019_genomic.fna	BPH2019
GCA_900607265.1_BPH2003_genomic.fna	BPH2003
GCF_900607265.1_BPH2003_genomic.fna	BPH2003
GCA_900607275.1_BPH2070_genomic.fna	BPH2070
GCF_900607275.1_BPH2070_genomic.fna	BPH2070
GCA_900607305.1_BPH2056_genomic.fna	BPH2056
GCF_900607305.1_BPH2056_genomic.fna	BPH2056
GCA_900620215.1_BPH2760_genomic.fna	BPH2760
GCF_900620215.1_BPH2760_genomic.fna	BPH2760
GCA_900620225.1_BPH2819_genomic.fna	BPH2819
GCF_900620225.1_BPH2819_genomic.fna	BPH2819
GCA_900620235.1_BPH2900_genomic.fna	BPH2900
GCF_900620235.1_BPH2900_genomic.fna	BPH2900
GCA_900620245.1_BPH2947_genomic.fna	BPH2947
GCF_900620245.1_BPH2947_genomic.fna	BPH2947
GCA_900620255.1_BPH2986_genomic.fna	BPH2986
GCF_900620255.1_BPH2986_genomic.fna	BPH2986
GCA_900635095.1_33763_A01_genomic.fna	NCTC8317
GCF_900635095.1_33763_A01_genomic.fna	NCTC8317
GCA_900635245.1_40415_C02_genomic.fna	NCTC13142
GCF_900635245.1_40415_C02_genomic.fna	NCTC13142
GCA_900635265.1_40574_H02_genomic.fna	NCTC12233
GCF_900635265.1_40574_H02_genomic.fna	NCTC12233
GCA_900635285.1_40677_B02_genomic.fna	NCTC7121
GCF_900635285.1_40677_B02_genomic.fna	NCTC7121
GCA_900635305.1_40961_G01_genomic.fna	NCTC4137
GCF_900635305.1_40961_G01_genomic.fna	NCTC4137
GCA_900635315.1_41255_H01_genomic.fna	NCTC9555
GCF_900635315.1_41255_H01_genomic.fna	NCTC9555
GCA_900635335.1_41556_G01_genomic.fna	NCTC11965
GCF_900635335.1_41556_G01_genomic.fna	NCTC11965
GCA_900635505.1_3012STDY6191362_genomic.fna	NCTC4163
GCF_900635505.1_3012STDY6191362_genomic.fna	NCTC4163
GCA_900635905.1_35910_F01_genomic.fna	NCTC13616
GCF_900635905.1_35910_F01_genomic.fna	NCTC13616
GCA_900636335.1_40798_F01_genomic.fna	NCTC7988
GCF_900636335.1_40798_F01_genomic.fna	NCTC7988
GCA_900636695.1_43874_B01_genomic.fna	NCTC1803
GCF_900636695.1_43874_B01_genomic.fna	NCTC1803
GCA_900637155.1_49386_H02_genomic.fna	NCTC13811
GCF_900637155.1_49386_H02_genomic.fna	NCTC13811
GCF_000017125.1_ASM1712v1_genomic.fna	JH1
GCF_000626615.1_ASM62661v1_genomic.fna	NRS 100
GCF_001457515.1_NCTC8532_genomic.fna	NCTC8532
GCF_005705635.1_ASM570563v1_genomic.fna	R46
GCF_005706035.1_ASM570603v1_genomic.fna	P10
GCF_005706855.1_ASM570685v1_genomic.fna	Lr2
GCF_020150915.1_ASM2015091v1_genomic.fna	MR254
